toy_name,colection,price,discount,age,pieces,calification
Castillo de Himeji,Architecture,"$3,999.00",0,18+,2125,4.4
Ciudad de Nueva York,Architecture,"$1,499.00",0,12+,598,4
Londres,Architecture,$999.00,0,12+,468,4.2
París,Architecture,"$1,299.00",0,12+,649,3.5
Gran Pirámide de Guiza,Architecture,"$3,499.00",0,18+,1476,3.3
Taj Mahal,Architecture,"$2,999.00",0,18+,2022,5
Singapur,Architecture,"$1,599.00",0,18+,827,2.7
Estatua de la Libertad,Architecture,"$2,999.00",0,16+,1685,4.8
La Casa Blanca,Architecture,"$2,599.00",0,18+,1483,4.6
Batcueva: Caja Sombría,Batman™,"$9,699.00",0,18+,3981,4.4
Batmobile™: Caza de Batman™ vs. The Joker™,Batman™,"$1,199.00",0,8+,438,4.7
LEGO® DC Batman™: Batmóvil Blindado,Batman™,"$6,499.00",0,18+,2049,4
Batwing: Batman™ vs. The Joker™,Batman™,$949.00,0,8+,357,4.9
Figura para Construir: Batman™,Batman™,$829.00,0,8+,275,4.7
Batmóvil: Caza de The Penguin™,Batman™,$799.00,0,8+,392,5
Persecución en el Batmobile™: Batman™ vs. The Joker™,Batman™,$679.00,0,4+,54,4.9
THE BATMAN: BATMOTO,Batman™,"$1,299.00",0,9+,641,4.8
Llavero de Harley Quinn™,Batman™,$149.00,0,6+,,3
Llavero de Batman™,Batman™,$149.00,0,6+,,5
Jim Lee: Colección de Batman™,Batman™,"$3,199.00",30%,18+,4167,4.8
THE BATMAN: BATMÓVIL,Batman™,"$2,599.00",30%,10+,1360,4.7
Batman™ contra Harley Quinn™,Batman™,$259.00,30%,4+,42,4.7
EVA y WALL•E,BrickHeadz,$359.00,0,10+,155,5
Sonic the Hedgehog™,BrickHeadz,$249.00,0,10+,139,5
Jake Sully y su Avatar,BrickHeadz,$499.00,40%,10+,246,5
100 Aniversario de Disney,BrickHeadz,$999.00,40%,10+,501,4.7
Héroes de la Batalla de Endor™,BrickHeadz,$999.00,40%,10+,549,5
Gandalf el Gris y Balrog™,BrickHeadz,$499.00,0,10+,348,4.7
"Harry, Hermione, Ron y Hagrid™",BrickHeadz,$619.00,30%,10+,466,4.7
Harry Potter™ y Cho Chang,BrickHeadz,$499.00,0,10+,267,5
Mi Yo de Ladrillos: FC Barcelona,BrickHeadz,$499.00,30%,10+,530,5
Draco Malfoy™ y Cedric Diggory,BrickHeadz,$499.00,0,10+,262,5
Obi-Wan Kenobi™ y Darth Vader™,BrickHeadz,$499.00,0,10+,260,4.6
Frodo™ y Gollum™,BrickHeadz,$359.00,20%,10+,184,4.7
Mickey Mouse Fiesta de la Primavera,BrickHeadz,$249.00,0,10+,120,
Bandido Tusken,BrickHeadz,$249.00,0,10+,152,4.8
Miles “Tails” Prower,BrickHeadz,$249.00,0,10+,131,5
Cruella y Maléfica,BrickHeadz,$499.00,0,10+,320,4
Vaiana y Mérida,BrickHeadz,$499.00,0,10+,410,5
Bailarín de la Danza del León,BrickHeadz,$249.00,30%,10+,239,4.8
Mi Yo de Ladrillos: Manchester United,BrickHeadz,$499.00,30%,10+,530,4.6
Aragorn™ y Arwen™,BrickHeadz,$499.00,20%,10+,261,5
"Gilito McPato, Juanito, Jaimito y Jorgito",BrickHeadz,$619.00,30%,10+,340,4.9
Kingsley Shacklebolt™ y Nymphadora Tonks™,BrickHeadz,$499.00,20%,10+,250,5
Pata Daisy,BrickHeadz,$249.00,30%,10+,110,4.8
Iron Spider-Man,BrickHeadz,$249.00,0,10+,91,
Ahsoka Tano,BrickHeadz,$249.00,30%,10+,164,4.8
San Bernardo,BrickHeadz,$349.00,0,8+,236,4.9
Goofy y Pluto,BrickHeadz,$349.00,30%,10+,214,4.7
Pato Donald,BrickHeadz,$249.00,30%,10+,90,4.8
Zombi,BrickHeadz,$249.00,30%,10+,81,4.6
Stitch,BrickHeadz,$249.00,0,10+,152,
Groot en Maceta,BrickHeadz,$249.00,0,10+,113,
Chip y Chop,BrickHeadz,$499.00,30%,10+,226,5
Bulldog Francés,BrickHeadz,$349.00,0,8+,237,4.7
Profesores de Hogwarts™,BrickHeadz,$999.00,30%,10+,601,4.8
Woody y Bo Peep,BrickHeadz,$499.00,30%,10+,296,4.9
El Mandaloriano y el Niño,BrickHeadz,$499.00,0,10+,295,4.7
Llama,BrickHeadz,$249.00,30%,10+,100,4.9
Alex,BrickHeadz,$249.00,30%,10+,86,5
Avión de Pasajeros,City,"$2,999.00",0,7+,913,4.7
Casa Familiar y Coche Eléctrico,City,"$1,499.00",20%,6+,462,4.8
Tren de Pasajeros de Alta Velocidad,City,"$4,599.00",0,7+,764,4.4
Hospital,City,"$3,199.00",30%,7+,816,4.3
Centro de Esquí y Escalada,City,"$2,999.00",0,7+,1045,5
Heladería,City,$999.00,0,6+,296,4.9
Exploradores del Ártico: Camión y Laboratorio Móvil,City,"$1,899.00",0,6+,489,5
Autocaravana de Vacaciones,City,$469.00,0,5+,190,4.8
Exploradores del Ártico: Barco,City,"$3,999.00",0,7+,815,4.9
Desafío Acrobático: Rampa y Aro,City,$749.00,30%,5+,144,4.9
Centro Urbano,City,"$4,999.00",0,8+,2010,4.9
Exploradores del Ártico: Motonieve,City,$279.00,0,5+,70,5
Barco de Exploración Submarina,City,$999.00,0,5+,182,4.9
Camiones de Obra y Grúa con Bola de Demolición,City,"$1,499.00",0,4+,235,4.9
Estación de Tren,City,"$2,599.00",0,7+,907,4.5
Unidad Móvil de Control de Incendios,City,"$1,599.00",0,7+,502,4.9
Coche de Policía,City,$259.00,0,5+,94,4.6
Avión Acrobático,City,$259.00,30%,5+,59,5
Comisaría de Policía,City,"$1,799.00",0,6+,668,5
Grúa Móvil,City,"$1,099.00",30%,7+,340,5
Edificio de Apartamentos,City,"$2,399.00",0,6+,688,4.8
Furgoneta Veterinaria de Rescate,City,$259.00,30%,4+,58,4.4
Tren de Mercancías,City,"$4,999.00",0,7+,1153,4.8
Excavadora de Obra,City,$499.00,20%,5+,148,5
Vías,City,$499.00,0,5,20,3.2
Camión Hamburguesería,City,$499.00,0,5+,194,5
Isla Prisión de la Policía,City,"$2,599.00",0,7+,980,
Róver de Control y Grúa de Carga,City,"$2,199.00",0,7+,758,
Coche de Carreras,City,$259.00,30%,4+,46,5
Camión de Rescate 4x4 de Bomberos,City,$259.00,30%,5+,97,5
Nave Espacial Interestelar,City,$499.00,0,6+,240,5
Base Espacial y Plataforma de Lanzamiento,City,"$3,499.00",0,8+,1422,
Parque de Bomberos con Camión de Bomberos,City,"$1,999.00",0,6+,843,4
Estación Espacial Modular,City,"$2,799.00",0,7+,1097,
Centro de Lanzamiento Espacial,City,"$3,999.00",30%,7+,1010,5
Barco Velero,City,$499.00,0,5+,102,
Meca de Construcción Espacial,City,$279.00,0,6+,140,
Nave Espacial y Descubrimiento del Asteroide,City,$499.00,0,4+,126,
Laboratorio de Criminología Móvil de la Policía,City,"$1,399.00",0,7+,674,
Avión de Rescate de Bomberos,City,"$1,399.00",0,6+,478,
Karts y Pilotos de Carreras,City,$259.00,0,5+,99,
Moto de Policía y Coche a la Fuga,City,$259.00,0,5+,59,5
Helicóptero de Rescate para Emergencias,City,$499.00,0,6+,226,
Submarino de Exploración de las Profundidades,City,"$2,799.00",0,7+,842,4.9
Persecución Policial en el Banco,City,"$2,599.00",30%,7+,915,4.7
Apisonadora,City,$259.00,0,5+,78,5
Furgoneta-Pingüino de Granizadas,City,$499.00,0,5+,194,4.8
Bases de Carretera,City,$469.00,0,5+,112,1.8
Monster Truck Azul,City,$399.00,0,5+,148,
Central de Vehículos de Emergencia,City,"$1,799.00",20%,6+,706,4.9
Róver Explorador Espacial y Vida Extraterrestre,City,$869.00,0,6+,311,5
Entrenamiento Móvil para Perros Policía,City,$749.00,0,5+,197,4.4
Base de Investigación Lunar,City,"$3,399.00",30%,7+,786,4.7
Moto Acrobática: Bañera,City,$209.00,30%,5+,14,4.9
Coche de Carreras y Camión de Transporte,City,$759.00,0,6+,328,
Deportivo de Carreras Verde,City,$259.00,0,4+,56,
Coche de Policía y Potente Deportivo,City,$499.00,0,6+,213,
Deportivo Eléctrico,City,$259.00,0,5+,95,4.8
Moto Acrobática: Cibernauta,City,$209.00,30%,5+,13,4
Transporte Equino,City,$799.00,30%,5+,196,4.6
Autolavado,City,$829.00,0,6+,243,4.8
Camión de Reciclaje,City,$749.00,0,5+,261,4.9
Ambulancia de Emergencias y Chico con Snowboard,City,$499.00,0,4+,79,
Transporte del Helicóptero de Rescate,City,$799.00,30%,5+,215,4.7
Camión Hormigonera,City,$529.00,30%,4+,85,5
Lancha de Policía y Guarida de los Ladrones,City,$869.00,0,6+,311,
Coches de Carreras Modificados,City,$759.00,0,6+,359,
Cambios de Agujas,City,$349.00,0,5,8,5
Helicóptero de Rescate de Bomberos,City,$259.00,0,5+,85,
Granero y Animales de Granja,City,"$1,899.00",30%,4+,230,3.4
Central Móvil de Policía,City,"$1,299.00",30%,6+,436,4.9
Camión de Bomberos 4x4 con Barco de Rescate,City,$869.00,0,5+,301,
Persecución Policial del Camión de los Helados,City,"$1,099.00",30%,5+,317,4.7
Moto Acrobática: Oso,City,$209.00,30%,5+,10,5
Camión de Torneo de Videojuegos,City,$999.00,0,7+,344,2.5
Vehículo de Exploración Lunar,City,"$1,099.00",30%,6+,275,5
Cuerpo de Bomberos,City,"$2,599.00",30%,7+,766,4.8
Estación Espacial Lunar,City,"$2,099.00",30%,6+,500,4.8
Moto de Rescate de Bomberos,City,$259.00,0,4+,57,
Parque de Bomberos y Camión de Bomberos,City,$999.00,0,4+,153,4.8
Parque de Bomberos,City,"$1,799.00",30%,6+,540,4.8
Quad y Hábitat de la Nutria,City,$259.00,30%,5+,90,4.7
Calendario de Adviento LEGO® City 2023,City,$869.00,30%,5+,258,4.8
Tractor Forestal,City,$259.00,30%,5+,86,4.6
Misiones de Exploración Espacial de Marte,City,"$1,099.00",30%,6+,298,4.3
Moto Acrobática: Escorpión Temerario,City,$209.00,30%,5+,15,4.5
Lancha de Rescate de Bomberos,City,$749.00,0,5+,144,4.8
Academia de Policía,City,"$2,599.00",0,6+,823,4.6
Todoterreno 4x4 Aventurero,City,$749.00,0,6+,252,4.6
Camión de los Helados,City,$399.00,30%,5+,200,4.5
Persecución en la Comisaría de Policía,City,$999.00,0,4+,172,4.8
Tractor,City,$469.00,0,5+,148,4.8
Misiones de Rescate de Animales Salvajes,City,"$1,099.00",30%,6+,246,4.7
Taller Mecánico de Tuning,City,"$1,499.00",0,6+,507,4.5
Parque de Patinaje Urbano,City,"$1,699.00",0,6+,454,5
Pack de Vehículos Deportivos,City,$759.00,0,6+,362,5
Rescate de Bomberos y Persecución Policial,City,"$1,099.00",30%,5+,295,4.9
Montaña Rusa Espacial Móvil,City,"$1,299.00",0,6+,433,4.9
Desafío Acrobático: Ataque del Tiburón,City,$999.00,30%,5+,122,4.5
Misiones de Investigación de la Policía Acuática,City,"$1,099.00",30%,6+,278,4.3
Carrera de Camiones Monstruo,City,$759.00,0,6+,301,4.6
Desafío Acrobático: Anillos Giratorios,City,$999.00,30%,6+,117,4.8
Desafío Acrobático: Derribo,City,$999.00,30%,5+,117,5
Pista Acrobática con Doble Rizo,City,"$3,999.00",30%,7+,598,2
Rizo Acrobático: Chimpancé Devastador,City,"$1,899.00",30%,7+,226,5
Desafío Acrobático: Camión y Anillos de Fuego,City,"$1,499.00",30%,6+,479,4.9
Desafío Acrobático: Rizo Extremo,City,"$2,599.00",30%,7+,385,4.7
Helicóptero de Bomberos,City,$259.00,30%,4+,53,4.9
Caja de Ladrillos Creativos Mediana LEGO®,Classic,$849.00,0,4,484,4.7
Diversión Creativa: Pastel,Classic,$499.00,0,5+,333,4.9
Ladrillos Creativos Transparentes,Classic,$749.00,0,4+,500,3.7
Ladrillos a Montones,Classic,"$1,499.00",0,5+,1000,4.9
Monstruos Creativos,Classic,$259.00,0,4+,140,5
Maletín creativo,Classic,$499.00,0,4,213,4
Construye en Compañía,Classic,"$2,599.00",30%,5+,1601,4.7
Base Verde,Classic,$229.00,0,4+,1,3.8
Ladrillos y Funciones,Classic,$799.00,30%,5+,500,4.9
Caja de Ladrillos Creativos Vibrantes,Classic,"$1,499.00",0,4+,850,
Creatividad a Todo Color,Classic,"$1,599.00",0,5+,1500,3
Base Blanca,Classic,$229.00,0,4+,1,5
Base Gris,Classic,$399.00,0,4+,1,4.3
Universo Creativo de Fantasía,Classic,"$2,299.00",0,5+,1800,4.9
Vehículos Creativos,Classic,"$1,399.00",0,5+,900,
Base Azul,Classic,$229.00,0,4+,1,4
Misión Espacial,Classic,"$1,899.00",30%,5+,1700,4
90 Años de Juego,Classic,"$1,299.00",30%,5+,1100,5
Caja Creativa: Fiesta,Classic,"$1,299.00",0,5+,900,4.9
Planetas Espaciales Creativos,Classic,$869.00,0,5+,450,
Ladrillos y Ruedas,Classic,$999.00,30%,4+,653,4.5
Casas Creativas,Classic,"$1,399.00",0,4+,850,
Mascotas Creativas,Classic,$869.00,0,5+,450,
Diversión Creativa: Simios,Classic,$259.00,30%,5+,135,4.9
Diversión Oceánica Creativa,Classic,$529.00,0,4+,333,4.9
Diversión Creativa: Neón,Classic,$499.00,0,5+,333,4.9
Criaturas del Fondo Marino,Creator 3in1,$349.00,0,7+,230,5
Cámara Retro,Creator 3in1,$499.00,0,8+,261,5
Unicornio Mágico,Creator 3in1,$259.00,0,7+,145,4.9
Grandes dinosaurios,Creator 3in1,$349.00,0,7,174,4.7
Moto Clásica,Creator 3in1,$349.00,0,8+,128,4.8
Astronauta Espacial,Creator 3in1,"$1,399.00",0,9+,647,5
Lanzadera Espacial,Creator 3in1,$259.00,0,6+,144,4.9
Perros Adorables,Creator 3in1,$749.00,0,7+,475,4.9
Pavo Real Exótico,Creator 3in1,$499.00,0,7+,355,5
Loro Exótico,Creator 3in1,$499.00,0,7+,253,4.8
Safari de Animales Salvajes,Creator 3in1,"$1,599.00",0,9+,780,
Conejo Blanco,Creator 3in1,$499.00,0,8+,258,4.6
Camión Plataforma con Helicóptero,Creator 3in1,$499.00,0,7+,270,5
Ukelele Tropical,Creator 3in1,$759.00,0,8+,387,5
Dragón Rojo,Creator 3in1,$259.00,0,6+,149,
Criaturas Fantásticas del Bosque,Creator 3in1,$399.00,0,7+,175,4.9
Flores en Regadera,Creator 3in1,$759.00,0,8+,420,
Loro Rosa Exótico,Creator 3in1,$499.00,0,7+,253,4.9
Reactor Supersónico,Creator 3in1,$529.00,0,7+,215,5
Montaña Rusa Espacial,Creator 3in1,"$2,799.00",0,9+,874,4.8
Barco Pirata,Creator 3in1,"$2,999.00",0,9+,1264,4.7
Patín Retro,Creator 3in1,$759.00,0,8+,342,
Rueda de Hámster,Creator 3in1,$759.00,0,8+,416,
Pajarera,Creator 3in1,$749.00,0,8+,476,4.8
Barco Vikingo y Serpiente Midgard,Creator 3in1,"$3,199.00",30%,9+,1192,4.3
Tigre Majestuoso,Creator 3in1,"$1,299.00",0,9+,755,4.8
Misión del Tesoro Hundido,Creator 3in1,$999.00,0,8+,522,4.3
Restaurante de Fideos del Centro,Creator 3in1,"$1,199.00",30%,8+,569,4.6
Calle Principal,Creator 3in1,"$3,699.00",30%,9+,1459,5
Robot Invencible,Creator 3in1,$259.00,0,6+,159,4.9
Ciberdrón,Creator 3in1,$249.00,30%,6+,113,5
Castillo Medieval,Creator 3in1,"$2,599.00",0,9+,1426,4.6
Casa Confortable,Creator 3in1,"$1,499.00",0,8+,808,4.9
Deportivo Callejero,Creator 3in1,$529.00,30%,7+,258,5
Furgoneta Playera,Creator 3in1,"$1,299.00",0,8+,556,4.9
Delfín y Tortuga,Creator 3in1,$259.00,30%,6+,137,4.6
Casa Surfera en la Playa,Creator 3in1,"$1,299.00",30%,8+,564,4.8
LEGO®: Titanic,Creator Expert,"$16,499.00",0,18+,9090,4.8
Hotel Boutique,Creator Expert,"$5,499.00",0,18+,3066,4.5
Ramo de Flores,Creator Expert,"$1,499.00",0,18+,756,4.9
Máquina del Tiempo de Regreso al Futuro,Creator Expert,"$4,999.00",0,18+,1872,4.5
Librería,Creator Expert,"$4,999.00",0,16+,2504,4.5
Transbordador Espacial Discovery de la NASA,Creator Expert,"$4,999.00",0,18+,2354,4.8
Orquídeas,Creator Expert,"$1,299.00",0,18+,608,4.8
Optimus Prime,Creator Expert,"$4,299.00",0,18+,1508,4.2
Porsche 911,Creator Expert,"$4,099.00",0,18+,1458,4.6
Suculentas,Creator Expert,"$1,299.00",0,18+,771,4.8
Furgoneta Clásica,Creator Expert,"$3,399.00",0,18+,1677,4.1
Vespa,Creator Expert,$249.00,0,9+,118,4.9
Gran plaza,Creator Expert,"$7,299.00",0,16+,4002,4.8
ECTO-1 de los Cazafantasmas,Creator Expert,"$5,799.00",0,18+,2352,4.6
NASA Apollo 11 Lunar Lander,Creator Expert,"$2,599.00",0,16+,1087,5
Casa Encantada de la Feria,Creator Expert,"$7,299.00",0,18+,3231,4.5
Coliseo,Creator Expert,"$12,999.00",30%,18+,9036,4.3
Ford Mustang,Creator Expert,"$4,099.00",0,16+,1471,4.7
Estadio del Real Madrid – Santiago Bernabéu,Creator Expert,"$9,499.00",30%,18+,5876,4.8
Ave del Paraíso,Creator Expert,"$2,599.00",0,18+,1173,4.6
Tren de Alta Velocidad,Creator Expert,$449.00,0,7+,284,4.1
Apartamentos de Friends,Creator Expert,"$4,299.00",0,18+,2048,4.6
Comisaría de Policía,Creator Expert,"$4,999.00",30%,18+,2923,4.5
Visita de Papá Noel,Creator Expert,"$2,599.00",20%,18+,1445,4.8
Batcueva: Caja Sombría,DC,"$9,699.00",0,18+,3981,4.4
LEGO® DC Batman™: Batmóvil Blindado,DC,"$6,499.00",0,18+,2049,4
Batmóvil: Caza de The Penguin™,DC,$799.00,0,8+,392,5
THE BATMAN: BATMOTO,DC,"$1,299.00",0,9+,641,4.8
Llavero de Superman™,DC,$149.00,0,6+,,5
THE BATMAN: BATMÓVIL,DC,"$2,599.00",30%,10+,1360,4.7
Jim Lee: Colección de Batman™,DC,"$3,199.00",30%,18+,4167,4.8
Castillo Disney,Disney™,"$9,699.00",0,18+,4837,5
Casa de “Up”,Disney™,"$1,499.00",0,9+,598,4.5
Mini Castillo Disney,Disney™,$999.00,0,12+,567,4.9
EVA y WALL•E,Disney™,$359.00,0,10+,155,5
Cámara en Homenaje a Walt Disney,Disney™,"$2,599.00",0,18+,811,5
100 Años de Iconos de la Animación Disney,Disney™,"$1,499.00",0,6+,1022,4.5
Mini Palacio de Agrabah Disney,Disney™,$999.00,20%,12+,506,3.8
Diversión en el Autolavado con Rayo McQueen y Mate,Disney™,$749.00,0,2+,29,4.9
Rapunzel Bailarina,Disney™,$259.00,0,5+,89,4.6
Casa Madrigal,Disney™,"$1,299.00",0,6+,587,3.9
100 Aniversario de Disney,Disney™,$999.00,40%,10+,501,4.7
Vaiana y Mérida,Disney™,$499.00,0,10+,410,5
Mini Mansión Encantada Disney,Disney™,$999.00,40%,12+,680,4.5
Iconos de Villanos,Disney™,"$3,399.00",0,18+,1540,4.9
Frozen: Paraíso Invernal de Anna y Elsa,Disney™,"$1,099.00",30%,4+,154,4.9
Concha Real de la Sirenita,Disney™,"$3,999.00",20%,18+,1808,5
Mini Castillo de Disney Ariel,Disney™,$999.00,0,12+,557,
Patio del Castillo de Anna,Disney™,$259.00,30%,5+,74,5
Llavero de Mickey,Disney™,$149.00,0,6+,,4.4
Llavero de Minnie,Disney™,$149.00,0,6+,,5
Torre de Rapunzel y El Patito Frito,Disney™,"$2,199.00",0,6+,623,
Gran Castillo de Aventuras,Disney™,"$2,599.00",0,6+,698,4.9
Dúos Disney,Disney™,"$1,149.00",0,6+,553,5
Asha en la Ciudad de Rosas,Disney™,$499.00,0,6+,154,4.8
Mickey Mouse Fiesta de la Primavera,Disney™,$249.00,0,10+,120,
Cruella y Maléfica,Disney™,$499.00,0,10+,320,4
Aventura en el Mercado de las Princesas Disney,Disney™,"$2,599.00",0,6+,817,
Castillo de Bella y Bestia,Disney™,"$2,299.00",30%,6+,505,4.9
Torre de Rapunzel,Disney™,"$1,599.00",30%,6+,369,4.7
Batalla contra Zurg,Disney™,$799.00,30%,7+,261,4.7
Vuelo sobre Londres de Peter Pan y Wendy,Disney™,"$1,499.00",0,10+,466,4.7
"Gilito McPato, Juanito, Jaimito y Jorgito",Disney™,$619.00,30%,10+,340,4.9
Castillo de Hielo,Disney™,"$5,499.00",0,14+,1709,4.4
Casa del Árbol Encantada,Disney™,"$3,999.00",0,7+,1016,4.8
Barco Aventurero de Vaiana,Disney™,$849.00,0,6+,321,4.9
Castillo Mágico 3en1,Disney™,"$2,599.00",0,3+,160,4.6
Cofre de Tesoros de Ariel,Disney™,"$1,149.00",0,6+,370,4.2
Mack en las Carreras,Disney™,$499.00,0,2+,14,
Patio del Castillo de Elsa,Disney™,$259.00,30%,5+,53,5
Calesa de Cuentos de Bella,Disney™,$399.00,0,5+,62,
"Creaciones Encantadas de Aurora, Mérida y Tiana",Disney™,"$1,799.00",30%,6+,558,3.6
Elsa y Bruni en el Bosque Encantado,Disney™,$759.00,0,2+,31,
Tren Homenaje a Disney,Disney™,$999.00,0,4+,200,5
Aventura de Jasmine y Mulán,Disney™,"$1,099.00",30%,5+,176,4.4
Delicias Heladas de Elsa,Disney™,$399.00,0,5+,82,
Palacio Submarino de Ariel,Disney™,"$2,599.00",30%,6+,498,4.8
Castillo Helado de Elsa,Disney™,"$1,149.00",0,4+,163,
Castillo de Aurora,Disney™,"$1,099.00",0,4+,187,4.9
Woody y Bo Peep,Disney™,$499.00,30%,10+,296,4.9
LEGO® Minifigures: Edición Disney 100,Disney™,$129.00,30%,5+,8,3.4
Tiovivo Mágico de Anna y Elsa,Disney™,$499.00,0,6+,175,4.9
Libro de Cuento: La Sirenita,Disney™,$529.00,0,5+,134,4.7
Llavero del Pato Donald,Disney™,$149.00,0,6+,,5
Joyero Creativo de Elsa,Disney™,$999.00,30%,6+,300,4.8
Castillo de Cenicienta y el Príncipe,Disney™,"$2,299.00",0,5+,365,4.9
Salón de Baile de Bella,Disney™,$529.00,30%,2+,23,4.7
Mickey y sus Amigos: Megapack de Pulseras,Disney™,$799.00,30%,6+,349,5
Cuentos e Historias: Elsa y el Nokk,Disney™,$469.00,30%,5+,125,4.8
Pato Donald,Disney™,$249.00,30%,10+,90,4.8
Tren de Cumpleaños de Mickey y Minnie,Disney™,$749.00,0,2+,22,4.9
Viaje Encantado de las Princesas,Disney™,"$1,599.00",0,6+,320,4.7
Nave Espacial XL-15,Disney™,"$1,299.00",30%,8+,497,4.9
Disney Princess: Castillos Creativos,Disney™,$849.00,0,6+,140,5
Stitch,Disney™,"$1,599.00",0,9+,730,
Excursión de Campo de Mickey Mouse y Minnie Mouse,Disney™,$649.00,0,4+,103,4.8
Llavero de Elsa LEGO® l Disney Frozen 2,Disney™,$149.00,0,6+,,
Elsa y el Establo de Hielo del Nokk,Disney™,$399.00,30%,4+,53,4.8
Llavero de Olaf LEGO® l Disney Frozen 2,Disney™,$149.00,0,6+,,
Mickey Mouse y Minnie Mouse: Parche para Coser,Disney™,$129.00,30%,8+,95,4
Duelo contra Zyclops,Disney™,$529.00,30%,4+,87,4.8
Cuentos e Historias: Peter Pan y Wendy,Disney™,$529.00,0,5+,111,3
Winnie the Pooh,Disney™,"$2,599.00",0,18+,1265,4.7
Misión Planetaria de Buzz Lightyear,Disney™,$799.00,30%,2+,37,4.8
Maceta de Isabela,Disney™,$999.00,0,9+,641,
Aventura Campestre,Disney™,"$1,299.00",0,2+,37,5
Castillo del Rey Magnifico,Disney™,"$2,599.00",0,7+,613,4.9
Llavero de Anna LEGO® l Disney Frozen 2,Disney™,$149.00,20%,6+,,
Chip y Chop,Disney™,$499.00,30%,10+,226,5
Pata Daisy,Disney™,$249.00,30%,10+,110,4.8
Stitch,Disney™,$249.00,0,10+,152,
Llavero de la Pata Daisy,Disney™,$149.00,0,6+,,
Cabaña de Asha,Disney™,"$1,299.00",0,7+,509,1
Mickey Mouse y Minnie Mouse: Caja de Proyectos de Vuelta al Cole,Disney™,"$1,099.00",30%,6+,669,5
Marco de Fotos y Joyero de Mirabel,Disney™,$759.00,0,6+,334,
Frozen: Castillo de Hielo,Disney™,"$1,299.00",30%,2+,59,4.3
Goofy y Pluto,Disney™,$349.00,30%,10+,214,4.7
Mickey y sus Amigos: Defensores del Castillo,Disney™,"$1,399.00",30%,4+,215,5
Mickey y sus Amigos: Megapack de Pulseras,DOTS,$799.00,30%,6+,349,5
Megapack de Diseño de Pulseras,DOTS,$749.00,30%,6+,388,4.8
Pack de Accesorios: Hogwarts™,DOTS,$349.00,30%,8+,234,2.7
Kit de Herramientas de Diseño: Patrones,DOTS,"$1,599.00",30%,8+,1096,4.9
Bandeja Osito Panda,DOTS,$529.00,30%,6+,517,5
Cajón Animales Creativos,DOTS,$599.00,30%,6+,643,4.7
DOTS a Montones: Letras,DOTS,$529.00,30%,6+,722,4.7
Megapack de Parches Adhesivos,DOTS,$799.00,30%,6+,486,4.8
Kit de Escritorio: Hogwarts™,DOTS,"$1,099.00",30%,8+,856,3.7
Mickey Mouse y Minnie Mouse: Parche para Coser,DOTS,$129.00,30%,8+,95,4
Kit de Fiesta Definitivo,DOTS,"$1,299.00",30%,6+,1154,4.5
Portalápices Plátano Adorable,DOTS,$529.00,30%,6+,438,4.9
Mickey Mouse y Minnie Mouse: Caja de Proyectos de Vuelta al Cole,DOTS,"$1,099.00",30%,6+,669,5
Pulsera Mis Mascotas,DOTS,$129.00,30%,6+,37,4
Pulsera Unicornios Eternos,DOTS,$129.00,30%,8+,37,
Caja Grande,DOTS,$799.00,30%,7+,479,4
Rótulo,DOTS,$529.00,30%,6+,531,4.9
DOTS Extra: Edición 8 (Brillos y Destellos),DOTS,$99.00,30%,6+,115,4.9
Portalápices Hedwig™,DOTS,$529.00,30%,6+,518,5
Caja del Corazón,DUPLO®,$469.00,0,1½+,80,5
Caja de Ladrillos Deluxe,DUPLO®,"$1,299.00",0,1½+,85,4.1
Caja de Ladrillos,DUPLO®,$749.00,0,1½+,65,4.7
Parque de Atracciones,DUPLO®,"$2,799.00",30%,2+,95,4.9
Camión y Excavadora con Orugas,DUPLO®,$469.00,0,2+,20,4.6
Buldócer,DUPLO®,$209.00,30%,2+,10,5
Tren de los Números: Aprende a Contar,DUPLO®,$499.00,0,1½+,23,5
Momentos de Construcción Creativa,DUPLO®,"$1,099.00",30%,1½+,120,5
Tren de vapor,DUPLO®,"$1,599.00",0,2,59,3.3
Tren de Cumpleaños de Mickey y Minnie,DUPLO®,$749.00,0,2+,22,4.9
Frozen: Castillo de Hielo,DUPLO®,"$1,299.00",30%,2+,59,4.3
Casa Familiar 3en1,DUPLO®,"$3,399.00",30%,3+,218,4.9
Castillo Mágico 3en1,DUPLO®,"$2,599.00",0,3+,160,4.6
Tren de mercancías,DUPLO®,"$3,399.00",0,2,105,4.7
Tren de los Animales,DUPLO®,$499.00,0,1½+,19,
Diversión en el Autolavado con Rayo McQueen y Mate,DUPLO®,$749.00,0,2+,29,4.9
Cuidado de Animales en la Granja,DUPLO®,"$1,299.00",0,2+,74,
Rutinas Diarias: Hora del Baño,DUPLO®,$259.00,0,1½+,15,
Tren de los Animales,DUPLO®,$469.00,30%,1½+,15,5
Casa de Pan de Jengibre de Papá Noel,DUPLO®,$999.00,0,2+,50,5
Aventura en Lanzadera Espacial 3en1,DUPLO®,"$1,499.00",0,3+,58,
Puente y vías ferroviarias,DUPLO®,$599.00,0,2,26,3.5
Spider-Man y sus Amigos: Aventura en la Feria,DUPLO®,"$1,599.00",30%,2+,41,5
Mack en las Carreras,DUPLO®,$499.00,0,2+,14,
Visita al Centro Veterinario,DUPLO®,$499.00,0,2+,28,
Camión del Alfabeto,DUPLO®,$999.00,0,2+,36,
Gente Construible con Grandes Emociones,DUPLO®,"$1,299.00",0,3+,71,
Rutinas Diarias: Comer y Dormir,DUPLO®,$759.00,0,1½+,28,
Cuidado de Abejas y Colmenas,DUPLO®,$499.00,0,2+,22,
Grandes Sentimientos y Emociones,DUPLO®,$759.00,0,1½+,23,
Elsa y Bruni en el Bosque Encantado,DUPLO®,$759.00,0,2+,31,
Guardería de Dinosaurios,DUPLO®,$529.00,30%,2+,27,4.9
Aparcamiento y Autolavado,DUPLO®,"$2,599.00",30%,2+,112,4.8
Casa de Spider-Man,DUPLO®,$529.00,0,2+,25,4.9
Casa del Árbol 3en1,DUPLO®,"$2,299.00",0,3+,126,4.8
Fauna Salvaje de Sudamérica,DUPLO®,"$1,399.00",30%,2+,71,4.8
Misión Planetaria de Buzz Lightyear,DUPLO®,$799.00,30%,2+,37,4.8
Ciudad Alfabeto,DUPLO®,"$1,299.00",0,1½+,87,4.9
Granja y Animales,DUPLO®,$249.00,30%,2+,11,4.3
Obra,DUPLO®,"$1,599.00",0,2+,61,4.8
Salón de Baile de Bella,DUPLO®,$529.00,30%,2+,23,4.7
Base de Construcción Verde LEGO® DUPLO®,DUPLO®,$399.00,0,1½+,1,5
Camión de Reciclaje,DUPLO®,$499.00,0,2+,15,4.9
Huerto Orgánico,DUPLO®,"$1,099.00",0,1½+,43,4.6
Mis Primeros Cachorrito y Gatito con Sonidos,DUPLO®,"$1,099.00",30%,1½+,22,4.9
Gran Parque de Juegos,DUPLO®,"$1,299.00",0,2+,75,4.7
Mercado Orgánico,DUPLO®,$749.00,0,1½+,40,4.9
Paseo en Autobús,DUPLO®,$499.00,0,2+,16,5
Camión de Bomberos,DUPLO®,$799.00,0,2+,21,4.9
Fauna Salvaje del Mundo,DUPLO®,"$3,499.00",0,2+,142,4.9
Aerogenerador y Coche Eléctrico,DUPLO®,$259.00,0,2+,16,4.4
Diversión en el Baño: Panda Rojo Flotante,DUPLO®,$259.00,30%,1½+,5,4.8
Tractor de Frutas y Verduras,DUPLO®,$529.00,0,1½+,19,5
Diversión en el Baño: Tren de los Animales Flotante,DUPLO®,$529.00,0,1½+,14,4.5
Vías ferroviarias,DUPLO®,$499.00,0,2,23,5
Aventura Campestre,DUPLO®,"$1,299.00",0,2+,37,5
Diversión en el Baño: Isla de los Animales Flotante,DUPLO®,"$1,099.00",30%,1½+,20,4.7
Aprende sobre la Cultura China,DUPLO®,"$1,799.00",30%,2+,124,4.9
Parque de Bomberos y Helicóptero,DUPLO®,"$2,399.00",0,2+,117,4.8
Parque Acuático,DUPLO®,$999.00,0,2+,19,4.8
Fauna Salvaje de Asia,DUPLO®,"$2,599.00",30%,2+,116,4.9
Vida en la Guardería,DUPLO®,"$1,149.00",30%,2+,67,4.8
Casa Familiar con Ruedas,DUPLO®,$529.00,0,2+,31,4.7
Planta de Zanahoria,DUPLO®,$259.00,0,1½+,11,4.2
Comisaría de Policía y Helicóptero,DUPLO®,"$1,299.00",0,2+,40,5
Fauna Salvaje del Océano,DUPLO®,$529.00,0,2+,32,4.9
Fauna Salvaje de África,DUPLO®,$259.00,0,2+,10,3
Visita Médica,DUPLO®,$529.00,30%,2+,34,4.9
Fauna Salvaje de Europa,DUPLO®,"$1,899.00",0,2+,85,5
Moto de Policía,DUPLO®,$259.00,0,2+,5,5
Misión de la Lanzadera Espacial,DUPLO®,$469.00,0,2+,23,5
Jardín Botánico,Friends,"$1,999.00",0,12+,1072,5
Mansión Moderna de Andrea,Friends,"$4,999.00",0,14+,2275,
Floristería y Tienda de Diseño del Centro,Friends,"$3,999.00",20%,12+,2010,4.8
Casas Familiares de Olly y Paisley,Friends,"$2,599.00",0,7+,1126,
Escuela de Arte de Emma,Friends,"$1,899.00",30%,8+,844,4.9
Edificio de la Calle Principal,Friends,"$3,999.00",30%,8+,1682,5
Casita con Ruedas,Friends,"$1,599.00",0,7+,785,4.9
Centro Comercial de Heartlake City,Friends,"$2,999.00",0,8+,1237,
Hospital de Heartlake City,Friends,"$2,799.00",0,7+,1045,
Centro Comunitario de Heartlake City,Friends,"$3,699.00",0,9+,1513,4.9
Cocina Comunitaria de Heartlake City,Friends,"$1,699.00",0,8+,695,5
Restaurante Clásico de Heartlake,Friends,$749.00,0,6+,346,5
Supermercado Orgánico,Friends,"$2,299.00",30%,8+,830,4.9
Coche Eléctrico de Olivia,Friends,$349.00,30%,6+,183,4.9
Tienda de Dónuts,Friends,$259.00,30%,4+,63,5
Academia Espacial de Olivia,Friends,"$1,799.00",30%,8+,757,4.9
Vehículo de Salvamento de Tortugas,Friends,$259.00,30%,6+,90,4.8
Calendario de Adviento 2023 LEGO® Friends,Friends,$869.00,30%,6+,231,3.1
Escuela Internacional de Heartlake,Friends,"$2,599.00",0,8+,985,4.8
Boutique de Moda Móvil,Friends,$259.00,30%,6+,94,4.9
Casa de Paisley,Friends,$999.00,0,4+,185,5
Puesto Móvil de Té de Burbujas,Friends,$259.00,30%,6+,109,4.6
Peluquería,Friends,$999.00,20%,6+,401,4.8
Aventura en el Iglú,Friends,"$1,299.00",30%,8+,491,4.9
Autobús de Heartlake City,Friends,"$1,299.00",0,7+,480,4.7
Base Espacial de Marte y Cohete,Friends,"$1,999.00",0,8+,981,
Pastelería Móvil,Friends,$279.00,0,6+,125,
Autobús de Gran Gira Musical,Friends,"$2,199.00",0,8+,845,
Espectáculo de Talentos Musicales de Heartlake City,Friends,"$1,599.00",0,7+,669,
Bosque: Cascada,Friends,$249.00,30%,5+,93,4.8
Fiesta Musical de Karaoke,Friends,$499.00,0,6+,196,
Albergue de Animales de Granja,Friends,"$1,399.00",0,6+,489,
Vehículo de Observación de Estrellas,Friends,$759.00,0,7+,364,
Aventura en el Parque Felino,Friends,$279.00,0,5+,87,
Escuela de Teatro de Andrea,Friends,"$2,599.00",30%,8+,1154,4.8
Tienda de Moda Retro,Friends,"$1,149.00",0,6+,409,
Coche Eléctrico y Cargador,Friends,$399.00,0,6+,170,
Parque para Hámsters,Friends,$499.00,0,6+,167,
Ambulancia del Hospital de Heartlake City,Friends,$869.00,0,6+,344,
Hotel Felino,Friends,$749.00,30%,6+,445,5
Puesto de Tortitas,Friends,$279.00,0,6+,157,5
Casa del Árbol de la Amistad,Friends,"$2,099.00",0,8+,1114,4.6
Camión de Perritos Calientes,Friends,$499.00,0,4+,100,
Minitienda de Accesorios,Friends,$279.00,0,6+,129,
Parque de Atracciones en la Playa,Friends,"$2,999.00",0,12+,1348,4.8
Centro de Día para Mascotas,Friends,"$1,799.00",30%,7+,593,4.9
Camión de los Helados,Friends,$529.00,30%,4+,84,4.9
Divertido Buggy Playero,Friends,$279.00,0,4+,61,4.4
Habitación de Nova,Friends,$499.00,0,6+,179,4.8
Casa de Autumn,Friends,"$1,799.00",0,7+,853,4.9
Habitación de Liann,Friends,$499.00,0,6+,204,5
Pista de Esquí y Cafetería,Friends,"$1,999.00",0,9+,980,4.9
Parque Acuático,Friends,"$1,299.00",30%,6+,373,4.9
Bici de Rescate Canino,Friends,$259.00,0,6+,125,4.9
Granja Orgánica,Friends,"$2,399.00",30%,7+,826,5
Vehículo de Plantación de Árboles,Friends,$799.00,30%,6+,336,4.9
Excursión de Vacaciones,Friends,$499.00,20%,4+,87,4.8
Habitación de Leo,Friends,$499.00,0,6+,203,4.8
Pizzería de Heartlake City,Friends,$399.00,30%,5+,144,4.9
Salón Recreativo Roller Disco,Friends,"$1,599.00",30%,7+,642,4.9
Unidad Móvil de Noticias,Friends,$759.00,0,6+,446,4.9
Centro de Rescate Canino,Friends,"$1,499.00",0,7+,617,5
Cobertizo del Ternero de Autumn,Friends,$279.00,0,5+,79,
Día de Adopción de Mascotas,Friends,"$1,149.00",0,6+,400,
Remolque para Caballo y Poni,Friends,$499.00,0,4+,105,
Avión de Rescate Marítimo,Friends,$499.00,0,6+,203,5
Camión de Reciclaje,Friends,$529.00,30%,6+,259,4.7
Barco de Rescate Marítimo,Friends,"$1,999.00",0,7+,717,4.8
Aventura Marinera de Stephanie,Friends,"$1,099.00",0,7+,304,5
Centro Deportivo,Friends,"$2,399.00",0,8+,832,4.9
Clínica Veterinaria de Animales de Granja,Friends,$759.00,0,4+,161,
Parque de Skate,Friends,"$1,299.00",20%,6+,431,4.9
Clase de Equitación,Friends,$759.00,0,4+,134,5
Habitación de Aliya,Friends,$499.00,0,6+,209,4.8
Furgoneta de Rescate Canino,Friends,$749.00,20%,6+,300,4.7
Establo de Autumn,Friends,"$1,499.00",0,7+,545,4.7
Estación de Lavado de Ponis,Friends,$259.00,30%,4+,60,4.9
Centro de Rescate Marítimo,Friends,"$1,299.00",0,7+,376,4.7
Rescate de la Fauna Salvaje de Mia,Friends,"$1,299.00",30%,7+,430,4.9
Glamping en la Playa,Friends,"$1,099.00",30%,6+,380,4.9
Cafetería de Adopción de Mascotas,Friends,$799.00,30%,6+,292,4.9
Remolque de Exhibición Equina,Friends,"$2,599.00",0,8+,989,5
Banco Mágico Gringotts™: Edición para Coleccionistas,Harry Potter™,"$10,499.00",0,18+,4801,4.8
Castillo de Hogwarts™,Harry Potter™,"$10,999.00",0,16+,6020,4.7
Castillo y Terrenos de Hogwarts™,Harry Potter™,"$4,199.00",0,18+,2660,4.6
Callejón Diagon,Harry Potter™,"$10,499.00",0,16+,5544,4.6
Dobby™ el Elfo Doméstico,Harry Potter™,$869.00,0,8+,403,4.8
Iconos de Hogwarts™: Edición para Coleccionistas,Harry Potter™,"$7,499.00",0,18+,3010,4.8
Dragón Colacuerno Húngaro,Harry Potter™,"$1,299.00",0,10+,671,4.6
Expreso de Hogwarts: Edición para Coleccionistas,Harry Potter™,"$12,499.00",30%,18+,5129,3.9
Batalla de Hogwarts™,Harry Potter™,"$1,999.00",0,9+,730,4.6
Expecto Patronum,Harry Potter™,"$1,799.00",0,14+,754,4.4
Ministerio de Magia,Harry Potter™,"$2,599.00",30%,9+,990,3.6
Ford Anglia™ Volador,Harry Potter™,$349.00,0,7+,165,
Hogwarts™: Sala de los Menesteres,Harry Potter™,"$1,299.00",20%,8+,587,4.8
Hogwarts™: Cámara Secreta,Harry Potter™,"$3,999.00",0,9+,1176,4.4
Cabaña de Hagrid: Una Visita Inesperada,Harry Potter™,"$1,899.00",0,8+,896,
Callejón Diagon: Sortilegios Weasley,Harry Potter™,"$2,299.00",0,8+,834,4.9
Ala de Enfermería de Hogwarts™,Harry Potter™,"$1,299.00",30%,8+,510,4.6
Torneo de los Tres Magos: El Lago Negro,Harry Potter™,"$1,099.00",0,8+,349,4.7
"Harry, Hermione, Ron y Hagrid™",Harry Potter™,$619.00,30%,10+,466,4.7
Llavero de Hermione,Harry Potter™,$149.00,0,6+,,
Lechucería del Castillo de Hogwarts™,Harry Potter™,"$1,149.00",0,8+,364,
Patio de Hogwarts™: Rescate de Sirius,Harry Potter™,"$1,299.00",30%,8+,345,2.9
Estandarte de la Casa Slytherin™,Harry Potter™,$849.00,30%,9+,349,3.7
Visita a la Aldea de Hogsmeade™,Harry Potter™,"$2,299.00",0,8+,851,4.5
Harry Potter™ y Cho Chang,Harry Potter™,$499.00,0,10+,267,5
Bosque Prohibido: Criaturas Mágicas,Harry Potter™,$759.00,0,8+,172,
Tren Hogwarts Express™ con estación de Hogsmeade™,Harry Potter™,"$3,399.00",0,8+,1074,4.6
Hogwarts™: Despacho de Dumbledore,Harry Potter™,"$2,099.00",0,8+,654,4.7
Casa de los Gritos y Sauce Boxeador,Harry Potter™,"$2,399.00",0,9+,777,4.8
Baúl de Quidditch™,Harry Potter™,"$1,699.00",0,9+,599,4.4
Cobertizo del Castillo de Hogwarts™,Harry Potter™,$949.00,0,8+,350,
Número 12 de Grimmauld Place,Harry Potter™,"$3,199.00",0,8+,1083,4.3
Torre de Astronomía de Hogwarts™,Harry Potter™,"$2,599.00",0,9+,971,4.5
Baúl Mágico de Hogwarts™,Harry Potter™,"$1,599.00",30%,8+,603,4.2
LEGO® Harry Potter™: Calendario de Adviento 2023,Harry Potter™,"$1,149.00",30%,7+,227,4
Carruaje y Thestrals de Hogwarts™,Harry Potter™,$529.00,0,7+,121,4.5
Hedwig™ en el Número 4 de Privet Drive,Harry Potter™,$499.00,0,7+,337,
Estandarte de la Casa Gryffindor™,Harry Potter™,$849.00,30%,9+,285,4.4
Llavero de Voldemort™,Harry Potter™,$149.00,30%,6+,,
Número 4 de Privet Drive,Harry Potter™,"$1,999.00",0,8+,797,4.7
Pack de Accesorios: Hogwarts™,Harry Potter™,$349.00,30%,8+,234,2.7
Profesores de Hogwarts™,Harry Potter™,$999.00,30%,10+,601,4.8
Llavero de Dumbledore,Harry Potter™,$149.00,30%,6+,,5
Draco Malfoy™ y Cedric Diggory,Harry Potter™,$499.00,0,10+,262,5
Kit de Escritorio: Hogwarts™,Harry Potter™,"$1,099.00",30%,8+,856,3.7
Kingsley Shacklebolt™ y Nymphadora Tonks™,Harry Potter™,$499.00,20%,10+,250,5
Llavero de Harry Potter™,Harry Potter™,$149.00,0,6+,,5
Hogwarts™: Fallo de la Poción Multijugos,Harry Potter™,$469.00,0,7+,217,4.8
Estandarte de la Casa Hufflepuff™,Harry Potter™,$849.00,20%,9+,313,4.3
Hedwig™,Harry Potter™,$999.00,0,10+,630,4.6
Estandarte de la Casa Ravenclaw™,Harry Potter™,$849.00,30%,9+,305,4.3
Portalápices Hedwig™,Harry Potter™,$529.00,30%,6+,518,5
Llavero de Ron,Harry Potter™,$149.00,20%,6+,,
Cámara Polaroid OneStep SX-70,Ideas,"$1,999.00",0,18+,516,4.6
Tren Orient Express,Ideas,"$7,499.00",0,18+,2540,4
The Office,Ideas,"$2,999.00",0,18+,1164,4.5
Vincent van Gogh: La Noche Estrellada,Ideas,"$4,299.00",0,18+,2316,4.9
LEGO® Ideas: Home Alone,Ideas,"$7,299.00",0,18+,3955,4.8
Historias de la Era Espacial,Ideas,"$1,299.00",0,18+,688,4.8
Colección de Insectos,Ideas,"$1,999.00",0,18+,1111,4.9
Disney El Retorno de las Brujas: Cabaña de las Hermanas Sanderson,Ideas,"$5,499.00",0,18+,2316,4.6
Globo Terráqueo,Ideas,"$5,499.00",0,18+,2585,4.6
Cabaña en A,Ideas,"$4,299.00",0,18+,2082,4.9
BTS Dynamite,Ideas,"$2,599.00",20%,18+,749,4.7
Cuarteto de Jazz,Ideas,"$2,599.00",0,18+,1606,4.7
Casa del Árbol,Ideas,"$5,799.00",0,16+,3036,4.6
LEGO® Ideas: Fender® Stratocaster™,Ideas,"$2,999.00",0,18+,1074,4.7
Máquina de Escribir,Ideas,"$6,199.00",0,18+,2079,4.4
Poblado Vikingo,Ideas,"$3,399.00",0,18+,2103,4.8
Piano de Cola,Ideas,"$9,499.00",0,18+,3662,5
Faro Motorizado,Ideas,"$7,499.00",30%,18+,2065,4.6
Sonic the Hedgehog™ – Green Hill Zone,Ideas,"$1,999.00",0,18+,1125,4.6
Futbolín,Ideas,"$6,199.00",40%,18+,2339,3.9
Winnie the Pooh,Ideas,"$2,599.00",0,18+,1265,4.7
Herrería Medieval,Ideas,"$4,299.00",0,18+,2164,4.9
Árbol de la Familia,Ideas,"$1,999.00",0,18+,1040,
Fósiles de Dinosaurio: Cráneo de T. rex,Jurassic World,$999.00,0,9+,577,
Fuga del T. rex,Jurassic World,"$2,599.00",0,18+,1212,4.6
Centro de Rescate de Crías de Dinosaurio,Jurassic World,$999.00,0,4+,139,
Descubrimiento del Braquiosaurio,Jurassic World,"$1,999.00",0,9+,512,4.4
Emboscada al Dilofosaurio,Jurassic World,$499.00,0,6+,211,4.6
Análisis del Triceratops,Jurassic World,"$1,299.00",0,8+,281,3.9
Huida del Velocirraptor,Jurassic World,$999.00,0,4+,137,3.1
Persecución en Moto del Dinosaurio Atrocirraptor,Jurassic World,$529.00,30%,6+,169,4.6
Centro de Visitantes: T. rex y Ataque del Raptor,Jurassic World,"$3,399.00",30%,12+,693,4.3
Ataque del Giganotosaurio y el Therizinosaurio,Jurassic World,"$3,699.00",0,9+,810,4.9
Fuga de los Dinosaurios T. rex y Atrocirraptor,Jurassic World,"$2,599.00",30%,8+,466,4.7
Emboscada en Furgoneta del Triceratops,Jurassic World,"$1,099.00",30%,7+,210,5
Fuga del Dinosaurio T. rex,Jurassic World,"$1,299.00",0,4+,140,4.3
Captura de los Velocirraptores Blue y Beta,Jurassic World,$799.00,0,6+,181,4.8
Emboscada Aérea del Quetzalcoatlus,Jurassic World,"$1,099.00",30%,7+,306,4.9
Transporte del Pyrorraptor y el Dilofosaurio,Jurassic World,"$1,099.00",0,7+,254,4.4
Caza del Pteranodon,Jurassic World,$529.00,30%,4+,94,4.8
MiniNook y casa de Minina,LEGO® Animal Crossing™,"$1,899.00",0,7+,535,
La visita de Canela,LEGO® Animal Crossing™,$999.00,0,6+,389,
Paseo en barca con el Capitán,LEGO® Animal Crossing™,$759.00,0,6+,233,
Fiesta de cumpleaños de Azulino,LEGO® Animal Crossing™,$349.00,0,6+,170,
Bunnie's Outdoor Activities,LEGO® Animal Crossing™,$499.00,0,6+,164,
Hokusai: La Gran Ola,LEGO® Art,"$2,599.00",0,18+,1810,4.7
El Increíble Spider-Man,LEGO® Art,"$4,999.00",0,18+,2099,5
Arte Floral,LEGO® Art,"$2,099.00",30%,18+,2870,4.3
Colección Fauna: Guacamayos,LEGO® Art,"$1,499.00",0,18+,644,5
The Rolling Stones,LEGO® Art,"$3,999.00",30%,18+,1998,3.1
Arte Moderno,LEGO® Art,"$1,299.00",0,18+,805,3.7
Jim Lee: Colección de Batman™,LEGO® Art,"$3,199.00",30%,18+,4167,4.8
Mapamundi,LEGO® Art,"$6,199.00",0,18+,11695,4.3
Toruk Makto y Árbol de las Almas,LEGO® Avatar,"$3,999.00",0,12+,1212,4.7
Montañas Flotantes: Sector 26 y Samson de la RDA,LEGO® Avatar,"$2,599.00",40%,9+,887,4.8
Primer Vuelo en Banshee de Jake y Neytiri,LEGO® Avatar,"$1,599.00",0,9+,572,4.9
Neytiri y Thanator vs. Quaritch con Armadura AMP,LEGO® Avatar,"$1,099.00",30%,9+,560,4.8
Descubrimiento del Ilu,LEGO® Avatar,$599.00,0,8+,179,5
Aventura en Skimwing,LEGO® Avatar,$849.00,0,8+,259,4.8
Submarino Mako,LEGO® Avatar,"$1,499.00",30%,9+,553,4.8
Jake Sully y su Avatar,LEGO® Avatar,$499.00,40%,10+,246,5
Payakan el Tulkun y Crabsuit,LEGO® Avatar,"$2,599.00",30%,10+,761,4.7
Hogar en el Arrecife de los Metkayina,LEGO® Avatar,"$1,999.00",30%,9+,528,4.8
Navetiburón de las Pesadillas,LEGO® DREAMZzz™,"$3,699.00",0,10+,1389,4.8
Aldea de los Sueños,LEGO® DREAMZzz™,$699.00,0,7+,434,4.8
Furgoneta-Tortuga de la Sra. Castillo,LEGO® DREAMZzz™,"$1,199.00",0,7+,434,4.9
Globo-Narval de Izzie,LEGO® DREAMZzz™,$399.00,0,7+,156,
Mateo y Z-Blob Robot,LEGO® DREAMZzz™,$499.00,0,7+,237,4.9
Coche Todoterreno de Mateo,LEGO® DREAMZzz™,$259.00,0,7+,94,
Torre del Sandman,LEGO® DREAMZzz™,"$2,299.00",0,9+,723,
Coche Espacial del Sr. Oz,LEGO® DREAMZzz™,$759.00,0,8+,350,
Zoey y Zian el Gato-Búho,LEGO® DREAMZzz™,"$1,299.00",0,9+,437,
Casa del Árbol Fantástica,LEGO® DREAMZzz™,"$2,799.00",0,9+,1257,4.9
Autobús Espacial del Sr. Oz,LEGO® DREAMZzz™,"$2,599.00",0,9+,878,5
Coche-Cocodrilo,LEGO® DREAMZzz™,"$1,499.00",0,8+,494,4.9
Monstruo de la Jaula,LEGO® DREAMZzz™,$949.00,0,7+,274,5
Caballo Volador Pegaso,LEGO® DREAMZzz™,"$1,299.00",0,8+,482,4.9
Izzie y el Conejo Bunchu,LEGO® DREAMZzz™,$499.00,0,7+,259,5
Establo de Criaturas de los Sueños,LEGO® DREAMZzz™,"$1,999.00",0,8+,681,4.8
Pack del Mundo Sueños,LEGO® DREAMZzz™,"$3,998.00",0,8+,,
Pack de Criaturas Míticas,LEGO® DREAMZzz™,"$3,298.00",0,8+,,
La Casa de Muñecas de Gabby,LEGO® La Casa de Muñecas de Gabby,"$1,999.00",0,4+,498,4.3
Fiesta en el Jardín de Hadigata,LEGO® La Casa de Muñecas de Gabby,$869.00,0,4+,130,5
Barco y Spa de Gabby y Siregata,LEGO® La Casa de Muñecas de Gabby,$499.00,0,4+,88,4.8
Horno de Muffin,LEGO® La Casa de Muñecas de Gabby,$279.00,0,4+,58,5
Ramo de Rosas,LEGO® Icons,"$1,499.00",0,18+,822,5
Plantas Diminutas,LEGO® Icons,"$1,299.00",0,18+,758,4.8
Ramo de Flores Silvestres,LEGO® Icons,"$1,499.00",0,18+,939,4.9
Bonsái,LEGO® Icons,"$1,299.00",0,18+,878,4.5
Orquídeas,LEGO® Icons,"$1,299.00",0,18+,608,4.8
Torre Eiffel,LEGO® Icons,"$14,999.00",0,18+,10001,4.2
LEGO®: Titanic,LEGO® Icons,"$16,499.00",0,18+,9090,4.8
Ramo de Flores,LEGO® Icons,"$1,499.00",0,18+,756,4.9
Museo de Historia Natural,LEGO® Icons,"$7,499.00",0,18+,4014,4.7
Concorde,LEGO® Icons,"$4,999.00",0,18+,2083,4.8
Máquina de PAC-MAN,LEGO® Icons,"$6,699.00",0,18+,2651,4.8
Castillo de los Caballeros del León,LEGO® Icons,"$9,499.00",30%,18+,4514,4.7
EL SEÑOR DE LOS ANILLOS: RIVENDEL,LEGO® Icons,"$12,499.00",0,18+,6167,4.9
Corvette,LEGO® Icons,"$3,999.00",0,18+,1210,4.8
Suculentas,LEGO® Icons,"$1,299.00",0,18+,771,4.8
Jardín Meditativo,LEGO® Icons,"$2,799.00",0,18+,1363,5
Chevrolet Camaro Z28,LEGO® Icons,"$4,099.00",30%,18+,1456,4.7
Refugio Alpino,LEGO® Icons,"$2,599.00",0,18+,1517,4.7
Centro de Flores Secas,LEGO® Icons,"$1,299.00",0,18+,812,4.7
Porsche 911,LEGO® Icons,"$4,099.00",0,18+,1458,4.6
Máquina del Tiempo de Regreso al Futuro,LEGO® Icons,"$4,999.00",0,18+,1872,4.5
Montaña Rusa con Rizos,LEGO® Icons,"$9,499.00",30%,18+,3756,4
Fortaleza Eldorado,LEGO® Icons,"$5,299.00",0,18+,2509,4.7
Transbordador Espacial Discovery de la NASA,LEGO® Icons,"$4,999.00",0,18+,2354,4.8
Vespa 125,LEGO® Icons,"$2,599.00",0,18+,1107,3.9
Club de Jazz,LEGO® Icons,"$5,499.00",0,18+,2899,4.2
Atari® 2600,LEGO® Icons,"$5,799.00",30%,18+,2532,4.8
Dune: Atreides Royal Ornithopter,LEGO® Icons,"$4,099.00",0,18+,1369,
Land Rover Classic Defender 90,LEGO® Icons,"$5,799.00",0,18+,2336,4.3
ECTO-1 de los Cazafantasmas,LEGO® Icons,"$5,799.00",0,18+,2352,4.6
Casa Encantada de la Feria,LEGO® Icons,"$7,299.00",0,18+,3231,4.5
Hotel Boutique,LEGO® Icons,"$5,499.00",0,18+,3066,4.5
Optimus Prime,LEGO® Icons,"$4,299.00",0,18+,1508,4.2
Furgoneta Clásica,LEGO® Icons,"$3,399.00",0,18+,1677,4.1
Calle Principal en Navidad,LEGO® Icons,"$2,599.00",0,18+,1514,4.3
Galaxy Explorer,LEGO® Icons,"$2,599.00",30%,18+,1254,4.8
Coliseo,LEGO® Icons,"$12,999.00",30%,18+,9036,4.3
Estadio del Real Madrid – Santiago Bernabéu,LEGO® Icons,"$9,499.00",30%,18+,5876,4.8
Apartamentos de Friends,LEGO® Icons,"$4,299.00",0,18+,2048,4.6
Ave del Paraíso,LEGO® Icons,"$2,599.00",0,18+,1173,4.6
Comisaría de Policía,LEGO® Icons,"$4,999.00",30%,18+,2923,4.5
Visita de Papá Noel,LEGO® Icons,"$2,599.00",20%,18+,1445,4.8
Huida de la Tumba Perdida,LEGO® Indiana Jones™,$999.00,30%,8+,600,4.8
Templo del Ídolo Dorado,LEGO® Indiana Jones™,"$3,999.00",0,18+,1545,4.8
Persecución del Caza,LEGO® Indiana Jones™,$849.00,0,8+,387,4.6
Planta Piraña,LEGO® Super Mario™,"$1,499.00",0,18+,540,4.7
Nintendo Entertainment System™,LEGO® Super Mario™,"$6,499.00",0,18+,2646,4.7
El Poderoso Bowser™,LEGO® Super Mario™,"$6,499.00",0,18+,2807,5
Pack Inicial: Aventuras con Mario,LEGO® Super Mario™,"$1,499.00",0,6+,231,3.5
Bloque Interrogación de Super Mario 64™,LEGO® Super Mario™,"$4,999.00",0,18+,2064,4.7
Set de Expansión: Coche monstruoso de Bowser,LEGO® Super Mario™,$759.00,0,8+,458,
Set de Expansión: Aventura en la nieve de la familia Pingüi,LEGO® Super Mario™,$469.00,0,7+,228,5
Set de Expansión: Caco Gazapo en la tienda de Toad,LEGO® Super Mario™,$469.00,0,7+,230,
Set de Expansión: Huevo de Yoshi en el bosque,LEGO® Super Mario™,$259.00,0,6+,107,
Set de Expansión: Dorrie y el buque naufragado,LEGO® Super Mario™,"$1,149.00",0,7+,500,
Pack Inicial: Aventuras con Peach,LEGO® Super Mario™,"$1,499.00",0,6+,354,4.3
Set de Expansión: Batalla contra Bowsitos en el castillo,LEGO® Super Mario™,"$2,799.00",0,8+,1321,4.5
Set de Expansión: Fortalezas aéreas de Larry y Morton,LEGO® Super Mario™,"$1,999.00",0,8+,1062,5
Set de Expansión: Cabezazo del Picacóndor,LEGO® Super Mario™,$349.00,30%,6+,130,4.5
Set de Expansión: Casa del árbol de Donkey Kong,LEGO® Super Mario™,"$1,499.00",0,8+,555,4.9
Set de Expansión: Castillo de Peach,LEGO® Super Mario™,"$3,499.00",0,8+,1216,2.9
Pack Inicial: Aventuras con Luigi,LEGO® Super Mario™,"$1,499.00",0,6+,280,4.8
Set de Expansión: Desafío en las nubes del Gran Spike,LEGO® Super Mario™,"$1,899.00",30%,7+,540,3.4
Set de Expansión: Traje de Mario de Hielo y Mundo Helado,LEGO® Super Mario™,$599.00,20%,6+,105,4.5
Set de Expansión: Zapato Goomba,LEGO® Super Mario™,$259.00,30%,6+,76,4.5
"Set de Expansión: Rambi, el rinoceronte",LEGO® Super Mario™,$279.00,0,7+,106,4
Set de Expansión: Casa-regalo de Yoshi,LEGO® Super Mario™,$799.00,30%,6+,246,5
Set de Expansión: Torre de Hielo y Traje de Peach Felina,LEGO® Super Mario™,"$2,099.00",30%,7+,494,5
Set de Expansión: Gran ola de lava,LEGO® Super Mario™,$849.00,20%,7+,218,4.9
Set de Expansión: Vagoneta minera de Diddy Kong,LEGO® Super Mario™,"$2,799.00",0,8+,1157,5
Set de Expansión: Pícnic en casa de Mario,LEGO® Super Mario™,$949.00,0,6+,259,4.7
Set de Expansión: Aventura en la nieve de la Morsik,LEGO® Super Mario™,"$1,599.00",20%,7+,567,4.9
Set de Expansión: Paseo en globo por el jardín de Peach,LEGO® Super Mario™,"$1,299.00",0,7+,453,4.9
Set de Expansión: Jaleo en la jungla con Dixie Kong,LEGO® Super Mario™,$679.00,0,7+,174,4.7
Set de Creación: Caja de herramientas creativas,LEGO® Super Mario™,"$1,499.00",20%,6+,588,5
Packs de Personajes: Edición 6,LEGO® Super Mario™,$159.00,30%,7+,52,3.9
Set de Expansión: Gran Isla del Mal,LEGO® Super Mario™,"$1,099.00",30%,7+,354,4.9
EL SEÑOR DE LOS ANILLOS: RIVENDEL,Lord of the Rings™,"$12,499.00",0,18+,6167,4.9
Aragorn™ y Arwen™,Lord of the Rings™,$499.00,20%,10+,261,5
Frodo™ y Gollum™,Lord of the Rings™,$359.00,20%,10+,184,4.7
Gandalf el Gris y Balrog™,Lord of the Rings™,$499.00,0,10+,348,4.7
Torre de los Vengadores,Marvel,"$12,499.00",0,18+,5201,4.8
Batalla Final de Spider-Man,Marvel,"$2,799.00",0,10+,900,4.8
Spiderman vs. Sandman: Batalla Final,Marvel,$949.00,0,10+,347,5
X-Jet de los X-Men,Marvel,"$2,199.00",0,8+,359,2.5
Máscara de Spider-Man,Marvel,"$1,799.00",0,18+,487,
Daily Bugle,Marvel,"$8,699.00",0,18+,3772,4.6
Guantelete del Infinito,Marvel,"$1,999.00",0,18+,590,5
Llavero de Miles Morales,Marvel,$149.00,0,6+,,5
Escudo del Capitán América,Marvel,"$4,999.00",0,18+,3128,4.7
Santuario,Marvel,"$6,199.00",30%,18+,2708,4.6
Armadura Robótica de Máquina de Guerra,Marvel,$349.00,0,6+,154,
Persecución en Moto: Spider-Man vs. Doc Ock,Marvel,$259.00,0,6+,77,
Figura de Miles Morales,Marvel,$649.00,30%,8+,238,4.5
Quinjet de los Vengadores,Marvel,"$2,599.00",0,9+,795,4.8
Hulkbuster: Batalla de Wakanda,Marvel,"$1,299.00",0,8+,385,4
Nanoguantelete,Marvel,"$1,799.00",0,18+,675,4.4
Martillo de Thor,Marvel,"$2,599.00",0,18+,979,4.4
El Increíble Spider-Man,Marvel,"$4,999.00",0,18+,2099,5
Armadura Robótica de Venom vs. Miles Morales,Marvel,$349.00,0,6+,134,
Figura de Spider-Man,Marvel,$649.00,0,8+,258,5
Nave de Baby Rocket,Marvel,$849.00,0,8+,330,4.8
Base de los Guardianes de la Galaxia,Marvel,$259.00,0,7+,67,4.6
Llavero de Spider-Man,Marvel,$149.00,0,6+,,
Rocket y Bebé Groot,Marvel,"$1,499.00",0,10+,566,5
Llavero de Loki,Marvel,$149.00,0,6+,,
Coche de Carreras de Spider-Man y Duende Verde Venomizado,Marvel,$869.00,0,7+,227,
Llavero de la Bruja Escarlata,Marvel,$149.00,0,6+,,4.5
Llavero de Spider Fantasma,Marvel,$149.00,0,6+,,
Warbird de Rocket vs. Ronan,Marvel,$949.00,0,8+,290,
Calendario de Adviento de Los Vengadores,Marvel,"$1,149.00",30%,7+,243,1.9
Yo Soy Groot,Marvel,"$1,399.00",0,10+,476,4.5
Hulkbuster​,Marvel,"$12,999.00",20%,18+,4049,3.8
Meca y Moto del Motorista Fantasma,Marvel,$849.00,0,7+,264,4.8
Figura de Venom,Marvel,$649.00,30%,8+,297,4.4
Cuartel General Arácnido del Equipo Spidey,Marvel,"$1,399.00",0,4+,193,
Armadura Robótica de Thanos,Marvel,$349.00,30%,6+,113,4.3
Armería de Iron Man,Marvel,"$2,399.00",30%,7+,496,2.8
Groot Venomizado,Marvel,"$1,299.00",0,10+,630,4.5
Motos de Viuda Negra y el Capitán América,Marvel,$399.00,0,6+,130,4.6
Batalla Final de Endgame,Marvel,"$2,599.00",30%,10+,794,4.6
Black Panther,Marvel,"$8,699.00",40%,18+,2961,3.8
Armadura Robótica de Rocket,Marvel,$349.00,0,6+,98,4.2
Base Móvil del Equipo Spidey,Marvel,"$1,299.00",0,4+,187,5
Spidey vs. Duende Verde,Marvel,$499.00,0,4+,84,
Hoopty,Marvel,"$2,299.00",0,8+,420,2.7
Llavero de Groot,Marvel,$149.00,0,6+,,
Figura para Construir: Lobezno,Marvel,$829.00,0,8+,327,4.6
Figura para Construir: Capitán América,Marvel,$829.00,0,8+,310,4.8
Garras de Adamantium de Wolverine,Marvel,"$1,799.00",0,18+,596,4.3
Llavero de Black Panther,Marvel,$149.00,30%,6+,,5
Llavero de Iron Man,Marvel,$149.00,0,6+,,
Casco de Star-Lord,Marvel,"$1,999.00",0,18+,602,4.5
Venom,Marvel,"$1,799.00",0,18+,565,4.2
Figura de Iron Man,Marvel,"$1,099.00",0,9+,381,4.7
Coche de Spider-Man y Doc Ock,Marvel,$259.00,0,4+,48,5
LEGO® Minifigures Marvel: 2ª Edición,Marvel,$129.00,30%,5+,10,2.2
Sala del Trono del Rey Namor,Marvel,$799.00,0,7+,355,4
Miles Morales vs. Morbius,Marvel,$599.00,0,7+,220,4.9
Figura para Construir: Ant-Man,Marvel,$849.00,0,8+,289,4.7
Ataque sobre Nuevo Asgard,Marvel,$529.00,30%,7+,159,5
Llavero de Carnage,Marvel,$149.00,30%,6+,,5
Cuartel General Arácnido de Spider-Man,Marvel,"$1,299.00",0,4+,155,5
Black Panther: Guerra en las Aguas,Marvel,"$2,299.00",30%,8+,545,3.6
Iron Spider-Man,Marvel,$249.00,0,10+,91,
Llavero de la Capitana Marvel,Marvel,$149.00,20%,6+,,4
Camiones de Combate de Hulk y Rino,Marvel,$529.00,0,4+,110,4.8
Hulkbuster de Iron Man vs. Thanos,Marvel,$679.00,0,4+,66,4.3
Sunbird de Shuri,Marvel,"$1,299.00",30%,8+,355,4
Laboratorio de Shuri,Marvel,$259.00,0,4+,58,4.6
Nave de los Guardianes,Marvel,"$3,999.00",30%,14+,1901,4.8
Nave de los Nuevos Guardianes,Marvel,"$2,599.00",20%,10+,1108,4.6
Miles Morales: Tecnotrike de Spider-Man,Marvel,$259.00,30%,4+,59,4.8
Barco Caprino,Marvel,"$1,499.00",30%,8+,564,4.7
Llavero de Spider-Ham,Marvel,$149.00,30%,6+,,4.3
La Batalla en la Oscuridad Profunda,Minecraft®,"$1,599.00",0,8+,584,4.8
La Fortificación-Espada,Minecraft®,"$1,099.00",0,8+,427,4.9
La Cabaña-Abeja,Minecraft®,$599.00,0,8+,254,5
La Armería,Minecraft®,$469.00,0,7+,203,5
El Santuario de Animales,Minecraft®,$469.00,0,7+,206,
El Pueblo-Llama,Minecraft®,"$3,499.00",0,9+,1252,4.4
La Mina Abandonada,Minecraft®,$469.00,0,7+,248,4.9
La Casa-Ajolote,Minecraft®,$679.00,0,7+,242,4.6
La Aventura en el Pantano,Minecraft®,$259.00,0,7+,65,5
La Fortaleza del Gólem de Hierro,Minecraft®,"$2,799.00",30%,9+,868,4.9
El Refugio-Zorro,Minecraft®,$529.00,0,8+,193,4.9
El Arrecife de Coral,Minecraft®,$249.00,0,7+,92,4.8
El Bastión del Nether,Minecraft®,$999.00,0,8+,300,4.8
La Casa-Champiñón,Minecraft®,$529.00,0,8+,272,4.9
El Portal en Ruinas,Minecraft®,$749.00,0,8+,316,4.5
La Aldea Abandonada,Minecraft®,"$1,099.00",0,8+,422,4.4
El Rancho-Conejo,Minecraft®,$799.00,0,8+,340,4.8
La Mazmorra del Esqueleto,Minecraft®,$999.00,0,8+,364,5
La Casa-Tortuga de la Playa,Minecraft®,$679.00,0,8+,234,
La Expedición de Steve al Desierto,Minecraft®,$279.00,0,6+,75,
El Combate en el End,Minecraft®,$599.00,0,8+,252,4.9
La Emboscada en el Portal del Nether,Minecraft®,$949.00,0,8+,352,
El Duelo contra el Devorador,Minecraft®,"$1,149.00",0,8+,420,
Llavero de Creeper™,Minecraft®,$149.00,30%,6+,,5
La Casa-Rana,Minecraft®,"$1,399.00",0,8+,400,
La Casa-Cerdo,Minecraft®,"$1,299.00",0,8+,490,4.5
La Pastelería,Minecraft®,$649.00,0,8+,154,4.5
Llavero de Steve,Minecraft®,$149.00,30%,6+,,
Caja Modular 4.0,Minecraft®,"$1,999.00",30%,8+,605,5
El Refugio-Panda,Minecraft®,"$1,299.00",0,8+,553,4.9
La Granja-Calabaza,Minecraft®,$999.00,30%,8+,257,4.9
El Castillo de Hielo,Minecraft®,"$1,299.00",0,8+,499,4.9
Zombi,Minecraft®,$249.00,30%,10+,81,4.6
La Batalla contra el Guardián,Minecraft®,$649.00,0,8+,255,4.9
El Campo de Entrenamiento,Minecraft®,"$1,999.00",0,8+,534,4.8
Los Picos de Hielo,Minecraft®,$849.00,0,8+,304,4.8
Llavero de Piglin,Minecraft®,$149.00,30%,6+,,
El Granero Rojo,Minecraft®,"$2,599.00",30%,9+,799,4.9
La Emboscada del Creeper™,Minecraft®,$259.00,0,7+,72,4.5
Llama,Minecraft®,$249.00,30%,10+,100,4.9
Alex,Minecraft®,$249.00,30%,10+,86,5
LEGO® Minifigures: 25ª Edición,Minifiguras,$119.00,0,5+,9,2.1
LEGO® Minifigures: 25ª Edición (paquete de 6),Minifiguras,$714.00,0,5+,52,1
Minifigura LEGO® Gigante,Minifiguras,"$1,199.00",0,10+,654,4.7
LEGO® Minifigures: 24ª Edición,Minifiguras,$129.00,30%,5+,8,3
LEGO® Minifigures Marvel: 2ª Edición,Minifiguras,$129.00,30%,5+,10,2.2
LEGO® Minifigures: Edición Disney 100,Minifiguras,$129.00,30%,5+,8,3.4
LEGO® Minifigures: 24ª Edición (paquete de 6),Minifiguras,$654.00,30%,5+,51,1
Llavero del Chico Bulldog Francés,Minifiguras,$149.00,0,6+,,3.4
Llavero de la Chica Chile,Minifiguras,$149.00,0,6+,,
Llavero de la Chica Mariquita,Minifiguras,$149.00,20%,6+,,5
5.º Aniversario de Megápolis,Monkie Kid™,"$4,699.00",0,10+,2330,
Meca-Dragón de Mei,Monkie Kid™,"$2,599.00",0,9+,990,
Meca Ultra de Monkey King,Monkie Kid™,"$3,999.00",0,10+,1705,4.5
Meca Combinado de Monkie Kid,Monkie Kid™,$529.00,0,7+,277,4.8
Dragón Guardián de Mei,Monkie Kid™,"$1,899.00",0,9+,605,5
Reinos Celestiales,Monkie Kid™,"$4,599.00",30%,10+,2433,4.7
Reactor-Dragón de Mei,Monkie Kid™,$529.00,0,7+,246,5
Minimeca de Monkie Kid,Monkie Kid™,"$1,399.00",0,8+,556,
Vehículos Creativos,Monkie Kid™,$869.00,0,6+,390,
Ciudad de los Faroles,Monkie Kid™,"$3,999.00",0,9+,2187,4.7
Anillo de Fuego de Nezha,Monkie Kid™,"$2,599.00",30%,8+,929,4.6
Meca de Evil Macaque,Monkie Kid™,"$2,299.00",30%,8+,893,4.3
El Poderoso Azure Lion,Monkie Kid™,"$1,999.00",0,9+,789,5
Palacio del Dragón del Este,Monkie Kid™,"$4,699.00",0,10+,2364,5
Bastón Creativo de Monkie Kid,Monkie Kid™,$899.00,33%,5+,309,5
Dragón del Este,Monkie Kid™,"$2,099.00",30%,8+,880,4.8
Fábrica de Pasteles de Luna de Chang’e,Monkie Kid™,"$1,799.00",30%,8+,609,4.3
Guarida del Equipo de Monkie Kid,Monkie Kid™,"$3,699.00",0,9+,1582,4.9
Dirigible-Nube de Monkie Kid,Monkie Kid™,"$1,299.00",0,7+,540,5
Reactor-Nube de Monkie Kid,Monkie Kid™,"$1,499.00",30%,8+,529,4.3
Yellow Tusk Elephant,Monkie Kid™,"$1,999.00",0,8+,844,4
Tanque-Toro de Hierro,Monkie Kid™,"$1,299.00",0,7+,430,4.5
Furgoneta del Equipo de Monkie Kid,Monkie Kid™,"$3,499.00",30%,9+,1406,5
Explorador Galáctico de Monkie Kid,Monkie Kid™,"$3,499.00",30%,9+,1356,5
Mercados de la Ciudad de NINJAGO®,NINJAGO®,"$9,199.00",0,14+,6163,4.4
Jardines de la Ciudad de NINJAGO®,NINJAGO®,"$8,499.00",0,14+,5686,4.7
Núcleos de Energía del Templo del Dragón,NINJAGO®,"$2,399.00",0,8+,1029,5
Kai Dragon Power: Tornado Spinjitzu,NINJAGO®,$279.00,30%,6+,72,4
Pack de Combate: Meca de Jay,NINJAGO®,$259.00,0,6+,78,
Lloyd Dragon Power: Ciclón Spinjitzu,NINJAGO®,$279.00,30%,6+,56,4.8
Meca Elemental del Fuego de Kai,NINJAGO®,$759.00,0,7+,322,3.7
Nya Dragon Power: Derrape Spinjitzu,NINJAGO®,$279.00,30%,6+,57,3.3
Dragón Maestro Egalt,NINJAGO®,"$1,799.00",0,8+,532,4.3
Meca Elemental de la Tierra de Cole,NINJAGO®,$499.00,0,7+,235,
Barco de Asalto Ninja: Carrera Contra el Tiempo,NINJAGO®,"$3,999.00",0,9+,1739,4.6
Meca Elemental Tecno de Sora,NINJAGO®,$499.00,0,7+,209,
Sabueso Cazadragones de Imperium,NINJAGO®,$499.00,0,6+,198,4.9
Ataque Rising Dragon de Kai,NINJAGO®,$259.00,0,6+,24,
Dragón de Agua EVO de Nya,NINJAGO®,$499.00,0,6+,173,4.9
Dragón de Lava Transformable de Heatwave,NINJAGO®,"$1,399.00",0,8+,479,5
Todoterreno del Dragón de Cole,NINJAGO®,"$1,199.00",30%,8+,384,5
Moto de Carreras Transformable en Meca de Sora,NINJAGO®,"$1,199.00",0,8+,384,4.9
Zane Dragon Power: Deportivo de Competición Spinjitzu,NINJAGO®,$869.00,0,7+,307,5
Catanas Cruzadas con Vainas,NINJAGO®,$699.00,0,6+,,
Meca de Combate de Arin,NINJAGO®,$399.00,0,4+,104,
Ataque Rising Dragon de Arin,NINJAGO®,$259.00,0,6+,27,
Mega Arma de Lord Garmadon,NINJAGO®,$499.00,20%,6+,,
Meca Ninja Ultra Combo,NINJAGO®,"$2,399.00",30%,9+,1104,5
Ataque Rising Dragon de Nya,NINJAGO®,$259.00,0,6+,26,
Meca de Combate Ninja EVO de Lloyd,NINJAGO®,$499.00,20%,6+,223,4.7
Dragón Elemental vs. Meca de la Emperatriz,NINJAGO®,"$3,399.00",0,9+,1038,5
Mecas del Equipo Ninja de Lloyd y Arin,NINJAGO®,"$1,999.00",0,9+,764,4.9
Criatura Dragón de Hielo de Zane,NINJAGO®,"$2,599.00",0,10+,973,5
Dragón Legendario de Lloyd,NINJAGO®,"$1,799.00",30%,8+,747,4.9
Meca Titán de Jay,NINJAGO®,"$1,999.00",0,9+,794,4.9
Meca Samurái X de Nya,NINJAGO®,"$3,199.00",30%,10+,1003,3.6
Templo del Rey Cristal,NINJAGO®,"$2,099.00",30%,8+,703,4.3
Moto del Dragón Dorado de Jay,NINJAGO®,$529.00,30%,7+,137,4.6
Ultradragón Dorado de Lloyd,NINJAGO®,"$3,999.00",30%,9+,989,4.4
Dragón de Tierra EVO de Cole,NINJAGO®,$849.00,0,7+,285,4.8
Caja Ninja de Ladrillos Creativos,NINJAGO®,"$1,499.00",0,5+,530,4.5
Moto Callejera Ninja de Lloyd,NINJAGO®,$259.00,0,4+,64,4
Explorador del Dragón Dorado de Kai,NINJAGO®,"$2,399.00",30%,8+,624,4.6
Deportivo EVO de Lloyd,NINJAGO®,$799.00,30%,6+,279,4.8
Dragón del Trueno EVO de Jay,NINJAGO®,$529.00,30%,6+,140,4
Batalla en Coche y Moto de Kai y Ras,NINJAGO®,$499.00,0,4+,103,4.9
Jet del Rayo EVO de Jay,NINJAGO®,$259.00,0,6+,146,4.8
Coche de Carreras Ninja EVO de Kai,NINJAGO®,$259.00,0,6+,94,4.8
Deportivo EVO de Jay y Nya,NINJAGO®,"$1,299.00",0,7+,536,4.9
Espada Imperium,NINJAGO®,$229.00,0,6+,,
Batalla por el Dragón Bebé de Nya y Arin,NINJAGO®,$869.00,0,4+,157,5
Moto-Meca EVO de Kai,NINJAGO®,"$1,099.00",0,7+,312,4.6
Rey Cristal,NINJAGO®,"$1,999.00",30%,9+,722,4.8
Templo del Dragón Ninja,NINJAGO®,"$1,099.00",30%,4+,161,3.5
Reactor del Dragón Dorado de Zane,NINJAGO®,$799.00,30%,7+,258,4.9
Templo Dojo Ninja,NINJAGO®,"$2,599.00",30%,8+,1394,4.7
Barco de Asalto Hidro,NINJAGO®,"$3,699.00",30%,9+,1159,4.4
Dragón de Agua,NINJAGO®,"$1,999.00",30%,9+,737,5
Meca de Última Generación EVO de Zane,NINJAGO®,$259.00,30%,6+,95,4.7
Meca Ninja de Lloyd,NINJAGO®,$259.00,30%,4+,57,4.7
Dragón del Fuego EVO de Kai,NINJAGO®,$799.00,30%,6+,204,4
Piano de Cola,Powered UP,"$9,499.00",0,18+,3662,5
Luz,Powered UP,$259.00,0,7+,1,4.4
Motor Lineal Mediano,Powered UP,$449.00,0,7+,1,2.5
Move Hub,Powered UP,"$1,999.00",0,7+,1,3.5
Sensor de Color y Distancia,Powered UP,$329.00,0,7+,1,5
Motor de Tren,Powered UP,$329.00,0,7+,7,4.2
Hub Grande,Powered UP,"$6,299.00",0,6+,2,3
Casa Encantada de la Feria,Powered UP,"$7,299.00",0,18+,3231,4.5
Control Remoto,Powered UP,$599.00,0,7+,1,3
Huida de Shadow the Hedgehog,Sonic the Hedgehog™,$469.00,0,8+,196,5
Robot Guardián de Knuckles,Sonic the Hedgehog™,$869.00,0,8+,276,
Llavero de Sonic the Hedgehog™,Sonic the Hedgehog™,$149.00,0,6+,,5
Sonic the Hedgehog™ – Green Hill Zone,Sonic the Hedgehog™,"$1,999.00",0,18+,1125,4.6
Sonic the Hedgehog™,Sonic the Hedgehog™,$249.00,0,10+,139,5
Sonic vs. Robot Death Egg del Dr. Eggman,Sonic the Hedgehog™,"$1,499.00",30%,8+,615,4.8
Taller y Avión Tornado de Tails,Sonic the Hedgehog™,$999.00,0,6+,376,4.9
Sonic: Desafío de la Esfera de Velocidad,Sonic the Hedgehog™,$869.00,0,6+,292,4.8
Sonic: Desafío del Looping de Green Hill Zone,Sonic the Hedgehog™,"$2,599.00",0,8+,802,4.6
Isla de Rescate de Animales de Amy,Sonic the Hedgehog™,"$1,299.00",20%,7+,388,4.5
Miles “Tails” Prower,Sonic the Hedgehog™,$249.00,0,10+,131,5
Sonic the Hedgehog™: Knuckles y Shadow,Sonic the Hedgehog™,$499.00,0,10+,298,
Mercedes-AMG F1 W12 E Performance y Mercedes-AMG Project One,Speed Champions,$799.00,0,9+,564,4.3
Nissan Skyline GT-R (R34) de 2 Fast 2 Furious,Speed Champions,$599.00,0,9+,319,4.7
Ferrari 812 Competizione,Speed Champions,$599.00,0,9+,261,4.9
Porsche 963,Speed Champions,$599.00,0,9+,280,4.7
McLaren Solus GT y McLaren F1 LM,Speed Champions,$849.00,0,9+,581,4
Deportivo Ford Mustang Dark Horse,Speed Champions,$679.00,0,9+,344,
007 Aston Martin DB5,Speed Champions,$529.00,0,8+,298,4.5
1970 Ferrari 512 M,Speed Champions,$529.00,0,8+,291,4.9
Pagani Utopia,Speed Champions,$599.00,0,9+,249,4.8
Coches de Carreras BMW M4 GT3 y BMW M Hybrid V8,Speed Champions,"$1,149.00",0,9+,676,
Koenigsegg Jesko,Speed Champions,$529.00,0,7+,280,4.8
Coche de Carreras Audi S1 e-tron quattro,Speed Champions,$679.00,0,9+,274,
Lamborghini Countach,Speed Champions,$529.00,0,8+,262,4.9
Aston Martin Valkyrie AMR Pro y Aston Martin Vantage GT3,Speed Champions,"$1,099.00",0,9+,592,4.4
Lotus Evija,Speed Champions,$529.00,0,8+,247,4.8
Fast & Furious 1970 Dodge Charger R/T,Speed Champions,$529.00,30%,8+,345,5
Toyota GR Supra,Speed Champions,$529.00,0,7+,299,4
Daily Bugle,Spider-Man,"$8,699.00",0,18+,3772,4.6
Batalla Final de Spider-Man,Spider-Man,"$2,799.00",0,10+,900,4.8
Llavero de Miles Morales,Spider-Man,$149.00,0,6+,,5
Figura de Miles Morales,Spider-Man,$649.00,30%,8+,238,4.5
Llavero de Spider-Man,Spider-Man,$149.00,0,6+,,
Llavero de Carnage,Spider-Man,$149.00,30%,6+,,5
Figura de Spider-Man,Spider-Man,$649.00,0,8+,258,5
Camiones de Combate de Hulk y Rino,Spider-Man,$529.00,0,4+,110,4.8
Figura de Venom,Spider-Man,$649.00,30%,8+,297,4.4
Armadura Robótica de Venom vs. Miles Morales,Spider-Man,$349.00,0,6+,134,
Spidey vs. Duende Verde,Spider-Man,$499.00,0,4+,84,
Cuartel General Arácnido del Equipo Spidey,Spider-Man,"$1,399.00",0,4+,193,
El Increíble Spider-Man,Spider-Man,"$4,999.00",0,18+,2099,5
Venom,Spider-Man,"$1,799.00",0,18+,565,4.2
Coche de Spider-Man y Doc Ock,Spider-Man,$259.00,0,4+,48,5
Cuartel General Arácnido de Spider-Man,Spider-Man,"$1,299.00",0,4+,155,5
Base Móvil del Equipo Spidey,Spider-Man,"$1,299.00",0,4+,187,5
Casa de Spider-Man,Spider-Man,$529.00,0,2+,25,4.9
Equipo Spidey en el Faro del Duende Verde,Spider-Man,$849.00,20%,4+,149,5
Llavero de Spider-Ham,Spider-Man,$149.00,30%,6+,,4.3
Miles Morales: Tecnotrike de Spider-Man,Spider-Man,$259.00,30%,4+,59,4.8
Crucero de Ataque Clase Venator de la República,Star Wars™,"$15,499.00",0,18+,5374,4.6
AT-AT™,Star Wars™,"$19,999.00",0,18+,6785,4.2
Millennium Falcon™,Star Wars™,"$19,999.00",0,16+,7541,4.5
The Razor Crest™,Star Wars™,"$14,499.00",0,18+,6187,4
Pack de Combate: Soldado Clon y Droide de Combate,Star Wars™,$759.00,0,7+,215,4.6
Diorama Festivo: Halcón Milenario,Star Wars™,$699.00,30%,8+,282,4.6
Caza Estelar Ala-X,Star Wars™,"$5,799.00",0,18+,1953,3.1
Espíritu y Fantasma II,Star Wars™,"$3,999.00",0,10+,1394,4.6
Cañonera de la Guardia de Coruscant,Star Wars™,"$3,699.00",0,9+,1083,3.9
Microfighter: Caza Estelar N-1 de The Mandalorian,Star Wars™,$399.00,0,6+,88,4.6
Superdestructor Estelar Ejecutor,Star Wars™,"$1,799.00",0,18+,630,4.8
Pack de Combate: Soldados Clon de la 332 de Ahsoka,Star Wars™,$499.00,0,6+,108,4
R2-D2™,Star Wars™,"$5,799.00",0,18+,2314,4.4
Caza Estelar Jedi de Yoda,Star Wars™,$869.00,0,8+,253,4.5
Lanzadera Jedi T-6 de Ahsoka Tano,Star Wars™,"$1,999.00",0,9+,601,3.9
Héroes de la Batalla de Endor™,Star Wars™,$999.00,40%,10+,549,5
Obi-Wan Kenobi™ y Darth Vader™,Star Wars™,$499.00,0,10+,260,4.6
Llavero de Soldado Explorador,Star Wars™,$149.00,0,6+,,5
Speeder Terrestre de Luke Skywalker,Star Wars™,"$5,799.00",0,18+,1890,4.4
Meca de Soldado de Asalto,Star Wars™,$399.00,0,6+,138,4.9
Caminante AT-TE™,Star Wars™,"$3,699.00",0,9+,1082,4.5
Bombardero TIE,Star Wars™,"$1,599.00",0,9+,625,4.5
Halcón Milenario,Star Wars™,"$4,099.00",0,9+,1353,4.6
El Niño,Star Wars™,"$2,299.00",0,10+,1075,4.6
Diorama: Sala del Trono del Emperador,Star Wars™,"$2,599.00",30%,18+,807,4
Casco de Darth Vader™,Star Wars™,"$1,999.00",0,18+,834,4.7
AT-AT™,Star Wars™,"$4,099.00",0,10+,1267,4.2
Meca de Darth Vader™,Star Wars™,$399.00,0,6+,139,4.6
Tanque Araña,Star Wars™,"$1,299.00",0,9+,526,4.6
The Crimson Firehawk™,Star Wars™,"$1,299.00",0,4+,136,1
Llavero de Ahsoka Tano™,Star Wars™,$149.00,0,6+,,4.1
Cantina de Mos Eisley,Star Wars™,"$9,499.00",0,18+,3187,4.8
Transporte Inquisitorial Scythe™,Star Wars™,"$2,599.00",30%,9+,924,4.4
Meca de Boba Fett™,Star Wars™,$399.00,0,6+,155,4.5
Diorama: Duelo de Speeders en Endor™,Star Wars™,"$1,999.00",30%,18+,608,3.3
Caza Ala-X de Luke Skywalker,Star Wars™,"$1,299.00",0,9+,474,4.3
Caza Estelar Jedi de Obi-Wan Kenobi,Star Wars™,$849.00,0,7+,282,4.4
Caza Colmillo Mandaloriano vs. Interceptor TIE,Star Wars™,"$2,599.00",0,9+,957,4.3
Llavero de Stormtrooper™,Star Wars™,$149.00,0,6+,,5
Nave Estelar de Boba Fett,Star Wars™,"$1,299.00",0,9+,593,4.4
Transporte de Cazarrecompensas de The Mandalorian™,Star Wars™,"$3,699.00",0,10+,1023,4.7
Caza TIE Imperial,Star Wars™,"$1,099.00",0,8+,432,4.7
Llavero del Mandaloriano,Star Wars™,$149.00,0,6+,,5
Llavero de Darth Vader™,Star Wars™,$149.00,0,6+,,
Bandido Tusken,Star Wars™,$249.00,0,10+,152,4.8
Microfighter: Nave Estelar de Boba Fett,Star Wars™,$259.00,0,6+,85,4.6
Pack de Combate: Soldados Clon de la 501,Star Wars™,$529.00,0,6+,119,4.5
Casco del Capitán Rex,Star Wars™,"$1,799.00",0,18+,854,4.9
Llavero de Grogu™,Star Wars™,$149.00,0,6+,,4.5
Base Rebelde de Yavin 4,Star Wars™,"$4,199.00",0,8+,1066,3.9
The Justifier™,Star Wars™,"$4,099.00",30%,9+,1022,4.7
Ala-E de la Nueva República vs. Caza Estelar de Shin Hati,Star Wars™,"$2,799.00",0,9+,1056,4.3
Chewbacca™,Star Wars™,"$4,999.00",0,18+,2319,4.9
Caza Estelar N-1 de The Mandalorian,Star Wars™,"$1,599.00",0,9+,412,3.8
Casco del Mandaloriano,Star Wars™,"$1,799.00",0,18+,584,4.9
Casco del Comandante Clon Cody,Star Wars™,"$1,799.00",0,18+,766,4.7
Obi-Wan Kenobi™ vs. Darth Vader™,Star Wars™,"$1,299.00",0,8+,408,3.3
LEGO® Star Wars™: Calendario de Adviento 2023,Star Wars™,"$1,149.00",30%,6+,320,3.7
Ataque de los Soldados Oscuros,Star Wars™,$799.00,30%,8+,166,4.5
Ahsoka Tano,Star Wars™,$249.00,30%,10+,164,4.8
AT-ST™ de Hoth™,Star Wars™,"$1,299.00",0,9+,586,4.6
Casco de Luke Skywalker™ (Rojo Cinco),Star Wars™,"$1,799.00",0,18+,675,3.8
Tanque de Asalto de la República,Star Wars™,"$1,099.00",0,7+,262,4.4
BD-1™,Star Wars™,"$2,599.00",0,14+,1062,4.6
Templo Jedi de Tenoo,Star Wars™,$999.00,20%,4+,124,3.8
Casco de la Princesa Leia (Boushh™),Star Wars™,"$1,799.00",0,18+,670,5
Caza Snub Pirata,Star Wars™,$849.00,20%,8+,285,4.3
Llavero de Fennec Shand™,Star Wars™,$149.00,0,6+,,
Cañonera de la República,Star Wars™,"$9,499.00",0,18+,3292,5
Diorama: Ataque a la Estrella de la Muerte,Star Wars™,"$1,799.00",30%,18+,665,4.9
Casco de Soldado Oscuro,Star Wars™,"$1,799.00",0,18+,693,4.4
Sala del Trono de Boba Fett,Star Wars™,"$2,599.00",30%,9+,732,5
Llavero de Yoda™,Star Wars™,$119.00,0,6+,,4.7
Diorama: Compactador de Basura de la Estrella de la Muerte,Star Wars™,"$2,399.00",0,18+,802,4
Pack de Combate: Soldados de las Nieves,Star Wars™,$529.00,0,6+,105,4.3
Diorama: Entrenamiento Jedi™ en Dagobah™,Star Wars™,"$2,299.00",0,18+,1000,4.1
AT-ST™,Star Wars™,$799.00,0,4+,87,1.7
El Mandaloriano y el Niño,Star Wars™,$499.00,0,10+,295,4.7
Emboscada en Ferrix™,Star Wars™,"$1,799.00",0,9+,679,4.5
Ferrari Daytona SP3,Technic,"$10,499.00",0,18+,3778,4.1
Lamborghini Sián FKP 37,Technic,"$10,499.00",0,18+,3696,4
Coche de Carreras McLaren Formula 1™,Technic,"$4,999.00",0,18+,1434,4.5
Ford GT 2022,Technic,"$2,999.00",0,18+,1468,4.1
Porsche 911 RSR,Technic,"$4,299.00",0,10+,1580,4.5
PEUGEOT 9X8 24H Le Mans Hybrid Hypercar,Technic,"$4,999.00",0,18+,1775,4.8
BMW M 1000 RR,Technic,"$6,199.00",0,18+,1921,4.5
Lamborghini Huracán Tecnica,Technic,"$1,299.00",0,9+,806,4.6
Yamaha MT-10 SP,Technic,"$5,799.00",0,18+,1478,4.6
Ferrari 488 GTE “AF Corse #51”,Technic,"$4,999.00",0,18+,1684,4.4
Bugatti Bolide Agile Blue,Technic,"$1,299.00",0,9+,905,4
Ford Mustang Shelby® GT500®,Technic,"$1,299.00",0,9+,544,4.2
NEOM McLaren Extreme E Race Car,Technic,$679.00,0,7+,252,4
Grúa sobre Orugas Liebherr LR 13000,Technic,"$16,999.00",30%,18+,2883,4.2
Bugatti Bolide,Technic,"$1,299.00",0,9+,905,4.4
Audi RS Q e-tron,Technic,"$4,299.00",30%,10+,914,4.9
Formula E® Porsche 99X Electric,Technic,"$1,299.00",0,9+,422,5
Camión de Residuos Mack® LR Electric,Technic,$829.00,0,8+,503,4.5
John Deere 9700 Forage Harvester,Technic,$999.00,0,9+,559,
NASCAR® Next Gen Chevrolet Camaro ZL1,Technic,"$1,299.00",0,9+,672,4.8
Buldócer Pesado,Technic,$349.00,0,7+,195,
Buggy de Carreras Todoterreno,Technic,$499.00,0,8+,219,
Dom's Dodge Charger,Technic,"$2,999.00",0,10+,1077,4.4
NEOM McLaren Formula E Race Car,Technic,"$1,299.00",0,9+,452,
NASA Mars Rover Perseverance,Technic,"$2,599.00",0,10+,1132,4.7
Planeta Tierra y Luna en Órbita,Technic,"$1,899.00",0,10+,526,
Camión de Trial 4x4 Mercedes-Benz Zetros,Technic,"$7,999.00",30%,12+,2129,4.6
John Deere 9620R 4WD Tractor,Technic,$799.00,0,8+,390,4.8
Nave Espacial de Carga Pesada VTOL LT81,Technic,"$2,799.00",0,10+,1365,
Helicóptero de Rescate Airbus H175,Technic,"$4,999.00",0,11+,2001,4.6
Vehículo Transformable Controlado por App,Technic,"$3,999.00",30%,9+,772,4.4
Róver Explorador del Equipo de Marte,Technic,"$3,999.00",0,11+,1599,
McLaren Senna GTR™,Technic,"$1,299.00",0,10+,830,5
Skidder John Deere 948L-II,Technic,"$4,999.00",0,11+,1492,4.8
THE BATMAN: BATMOTO,Technic,"$1,299.00",0,9+,641,4.8
Monster Jam™ Dragon™,Technic,$529.00,0,7+,217,4.8
Cargadora Espacial de Superficie LT78,Technic,$869.00,0,8+,435,
Camión Remolcador de Gran Tonelaje,Technic,"$3,999.00",0,11+,2017,4.8
Manipuladora de Materiales,Technic,"$3,999.00",30%,10+,835,4.4
Avión de Bomberos,Technic,"$2,599.00",0,10+,1134,4.5
Monster Jam™ Monster Mutt™ Dalmatian,Technic,$529.00,0,7+,244,4.9
Buldócer Cat® D11 Controlado por App,Technic,"$12,499.00",30%,18+,3854,4
Volquete,Technic,$349.00,0,7+,177,4.9
Jeep® Wrangler,Technic,"$1,299.00",0,9+,665,4.6
Vehículo Todoterreno,Technic,"$2,299.00",30%,10+,764,4.7
Monster Jam™ El Toro Loco™,Technic,$529.00,0,7+,247,5
Máquina Pisanieves,Technic,$349.00,0,7+,178,4.7
Ducati Panigale V4 R,Technic,"$1,999.00",30%,10+,646,4.5
Moto,Technic,$349.00,30%,7+,163,4.7
THE BATMAN: BATMÓVIL,Technic,"$2,599.00",30%,10+,1360,4.7
Manipulador Telescópico,Technic,$349.00,30%,7+,143,4.7
Monster Jam™ Grave Digger™,Technic,$469.00,0,7+,212,4.6
Tulipanes,Other,$249.00,30%,8+,111,4.4
Girasoles,Other,$349.00,0,8+,191,4.4
Rosas,Other,$349.00,0,8+,120,4.8
Narcisos,Other,$349.00,30%,18+,216,4.5
Flores de Cerezo,Other,$349.00,0,8+,430,5
Corazón Decorativo,Other,$319.00,0,9+,254,4.9
Flores de Loto,Other,$349.00,0,8+,220,4.9
Cascanueces LEGO®,Other,$299.00,0,8+,208,4.7
Adornos de Pan de Jengibre,Other,$299.00,0,6+,190,4.9
Todo el Mundo es Fabuloso,Other,$899.00,0,18+,346,4.5
Árbol de Navidad,Other,$999.00,0,12+,784,4.4
Dragón de la Suerte,Other,"$2,299.00",0,10+,1171,4
Postal de Japón,Other,$359.00,0,9+,262,
Land Rover Classic Defender,Other,$339.00,0,8+,150,4.8
Taxi Amarillo,Other,$249.00,0,7+,124,4.2
Celebración Familiar,Other,"$3,399.00",0,8+,1823,5
Calendario de Fiestas,Other,$749.00,0,10+,345,
Osos Polares en Invierno,Other,$299.00,30%,9+,312,4.9
Llavero de minifigura dorada LEGO®,Other,$119.00,0,6+,,3.7
Pícnic de Erizos,Other,$319.00,0,8+,166,
Llavero de Chico Cactus,Other,$149.00,30%,6+,,3.7
Piñata,Other,$249.00,0,8+,206,4.9
Parque Primaveral de Animales,Other,$319.00,0,8+,172,
Postal de Londres,Other,$359.00,0,9+,277,4.8
Trineo de Papá Noel,Other,$999.00,0,9+,343,4.8
Nido de Pájaros,Other,$319.00,0,9+,232,4.8
Llavero de Piolín,Other,$149.00,20%,6+,,
Corona de Navidad “2 en 1”,Other,$999.00,30%,9+,510,4.3
Conejo Lunar,Other,$449.00,0,8+,288,5
Postal de Nueva York,Other,$359.00,0,9+,253,4.7
Llavero de hombre con disfraz de tiburón,Other,$119.00,0,6+,,2.8
Llavero de ladrillo LEGO® rojo,Other,$119.00,0,6+,,4.2
Llavero de Elfo Ayudante Feliz,Other,$149.00,20%,6+,,5
Llavero de la Dama de la Libertad,Other,$149.00,0,6+,,4
Llavero de la Chica con Disfraz de Llama,Other,$149.00,30%,6+,,
Desfile del Año Nuevo Lunar,Other,"$3,399.00",40%,8+,1653,3.9
Llavero Blanco Metálico 2x4,Other,$149.00,20%,6+,,5
Árbol del Dinero,Other,$619.00,0,9+,336,4.5
Llavero con ladrillo dorado LEGO®,Other,$119.00,0,6+,,4.4
Juego de ajedrez,Other,"$1,599.00",30%,9+,1450,4.4
Representación Ornamental del Año Nuevo Lunar,Other,"$2,299.00",40%,8+,872,4.1
Postal de Australia,Other,$359.00,0,7+,191,3.3
Set de Cumpleaños,Other,$319.00,30%,7+,141,4.8
Tuc-tuc,Other,$249.00,30%,7+,155,4.6
Llavero de Papá Noel Feliz,Other,$149.00,0,6+,,5
Llavero de chica mariposa,Other,$119.00,0,6+,,3.3
Llavero del Vendedor de perritos calientes LEGO®,Other,$119.00,0,6+,,5
Tarta de Cumpleaños,Other,$339.00,0,7+,211,4.8
Iconos de Juego,Other,"$2,499.00",0,10+,899,2.5
Pingüino de Navidad,Other,$349.00,20%,8+,244,4.3
Llavero Azul Tierra 2x4,Other,$149.00,0,6+,,
Gato y Ratón de Halloween,Other,$299.00,30%,9+,328,4.8
Marco de fotos LEGO® Iconic,Other,$339.00,20%,7+,268,4.3
Conejitos de Pascua,Other,$299.00,30%,8+,288,4.8
Flores decorativas LEGO®,Other,$119.00,0,7+,100,5
Tortolitos de San Valentín,Other,$299.00,30%,8+,298,5
Llavero del Monstruo de las Galletas,Other,$149.00,20%,6+,,
Ludo LEGO®,Other,$699.00,30%,7+,389,4.8
Paseo navideño en tren LEGO®,Other,$199.00,0,7+,169,4.8
Pack de Oso Polar y Regalo,Other,$249.00,20%,7+,142,4.4
Horizon Forbidden West: Cuellilargo,Other,"$2,299.00",0,18+,1222,4.8
Llavero del Tío Sandía,Other,$149.00,20%,6+,,
Pingüino y Copo de Nieve,Other,$229.00,20%,7+,139,4.2
Llavero de Chica con Disfraz de Elefante,Other,$149.00,0,6+,,5
Conejo de Pascua,Other,$99.00,0,6+,67,
Postal de París,Other,$359.00,30%,9+,213,4.8
Torre de los Vengadores,Other,$389.00,0,10+,211,3.8
Tren,Other,$99.00,0,6+,59,5
Feria del Templo del Año Nuevo Chino,Other,"$2,499.00",0,8+,1664,4.7
Deportivo Clásico,Other,$279.00,0,8+,142,5
Adorno navideño: Pingüino,Other,$149.00,0,6+,37,5
Set 40 aniversario de los trenes LEGO®,Other,$389.00,0,9+,188,
Postal de Pekín,Other,$359.00,0,9+,276,4.2
Llavero Creativo,Other,$149.00,0,6+,,
Llavero Verde Metálico 2x4,Other,$149.00,20%,6+,,
Ladrillos Magnéticos 4x4 LEGO®,Other,$169.00,0,6+,4,5
Modelo Magnético de Torre Eiffel,Other,$219.00,20%,6+,29,5
Llavero Creativo LEGO®,Other,$129.00,20%,6+,,5
Llavero de Elmo,Other,$149.00,20%,6+,,
China: Llavero de Chica con Flores,Other,$149.00,0,6+,,
Bar de zumos del plátano fiestero LEGO®,Other,$119.00,0,6+,,
Llavero del Tío del Cumpleaños,Other,$149.00,20%,6+,,5
Llavero 2x6 LEGO®,Other,$149.00,0,6+,,
Pareja de Calabaza y Murciélago,Other,$219.00,0,7+,131,4.5
Danza del León,Other,"$1,699.00",0,8+,882,5
Bola de Pollo Skater,Other,$129.00,0,6+,36,
Juego de Artículos Creativos de Papelería LEGO®,Other,$339.00,20%,6+,18,
Huevo de Pascua LEGO®,Other,$249.00,0,8+,239,5
Pack de Araña y Casa Encantada,Other,$249.00,20%,7+,132,4.7
Paseo en Carro por Halloween,Other,$269.00,0,7+,148,4.9
Casa del Conejo de Pascua,Other,$169.00,0,6+,57,
Mighty Micros: Supergirl™ vs. Brainiac™,Other,$199.00,20%,6+,80,
Mighty Micros: Batman™ vs. Harley Quinn™,Other,$199.00,20%,6+,86,5
Peluche de minifigura de la chica abeja,Other,$499.00,0,4+,,